"Exercício";"Programa";"Objetivo";"Objetivo Específico";"Indicador";"Meta do Objetivo Específico";"Região";"Unidade de Medida";"Valor esperado - 1º ano PPA";"Valor esperado - 2º ano PPA";"Valor esperado - 3º ano PPA";"Meta Final PPA";
2024;"5837";"1325";"0468";10826;"06U7";"Região Sul";"unidade";0,00;0,00;0,00;0,00;
2024;"5837";"1325";"0468";10826;"06U7";"Região Sudeste";"unidade";0,00;1,00;2,00;3,00;
2024;"5837";"1325";"0468";10826;"06U7";"Região Centro-Oeste";"unidade";0,00;1,00;2,00;3,00;
2024;"5837";"1325";"0468";10826;"06U7";"Região Nordeste";"unidade";0,00;4,00;8,00;12,00;
2024;"5837";"1325";"0468";10826;"06U7";"Região Norte";"unidade";0,00;4,00;8,00;12,00;
2024;"5129";"1249";"0002";10976;"05N8";"Região Norte";"%";85,00;85,30;85,60;86,00;
2024;"5129";"1249";"0002";10976;"05N8";"Região Nordeste";"%";85,45;85,60;85,75;86,00;
2024;"5129";"1249";"0002";10976;"05N8";"Região Sudeste";"%";81,00;83,00;85,00;86,00;
2024;"5129";"1249";"0002";10976;"05N8";"Região Sul";"%";81,00;83,00;85,00;86,00;
2024;"5129";"1249";"0002";10976;"05N8";"Região Centro-Oeste";"%";84,00;84,50;85,00;86,00;
2024;"1144";"1255";"0007";8776;"06A4";"No Estado do Pará";;96,00;115,00;135,00;154,00;
2024;"1144";"1255";"0007";8776;"06A4";"No Estado do Paraná";;30.114,00;36.137,00;42.160,00;48.183,00;
2024;"1144";"1255";"0007";8776;"06A4";"No Distrito Federal";;16,00;19,00;22,00;26,00;
2024;"1144";"1255";"0007";8776;"06A4";"No Estado de Roraima";;18,00;22,00;26,00;29,00;
2024;"1144";"1255";"0007";8776;"06A4";"No Estado de Santa Catarina";;7.663,00;9.195,00;10.728,00;12.261,00;
2024;"1144";"1255";"0007";8776;"06A4";"No Estado de São Paulo";;10.495,00;12.594,00;14.693,00;16.792,00;
2024;"1144";"1255";"0007";8776;"06A4";"No Estado de Sergipe";;343,00;412,00;481,00;549,00;
2024;"1144";"1255";"0007";8776;"06A4";"No Estado do Acre";;2,00;3,00;3,00;4,00;
2024;"1144";"1255";"0007";8776;"06A4";"No Estado do Amapá";;0,00;0,00;1,00;1,00;
2024;"1144";"1255";"0007";8776;"06A4";"No Estado do Amazonas";;7,00;8,00;10,00;11,00;
2024;"1144";"1255";"0007";8776;"06A4";"No Estado do Ceará";;17,00;21,00;24,00;27,00;
2024;"1144";"1255";"0007";8776;"06A4";"No Estado do Espírito Santo";;1.500,00;1.800,00;2.099,00;2.399,00;
2024;"1144";"1255";"0007";8776;"06A4";"No Estado do Piauí";;113,00;136,00;159,00;181,00;
2024;"1144";"1255";"0007";8776;"06A4";"No Estado do Rio de Janeiro";;32,00;38,00;45,00;51,00;
2024;"1144";"1255";"0007";8776;"06A4";"No Estado do Tocantins";;448,00;537,00;627,00;716,00;
2024;"1144";"1255";"0007";8776;"06A4";"No Estado do Rio Grande do Sul";;20.186,00;24.223,00;28.261,00;32.298,00;
2024;"1144";"1255";"0007";8776;"06A4";"No Estado do Rio Grande do Norte";;5,00;5,00;6,00;7,00;
2024;"1144";"1255";"0007";8776;"06A4";"No Estado da Bahia";;632,00;758,00;885,00;1.011,00;
2024;"1144";"1255";"0007";8776;"06A4";"No Estado da Paraíba";;43,00;52,00;61,00;70,00;
2024;"1144";"1255";"0007";8776;"06A4";"No Estado de Alagoas";;97,00;117,00;136,00;156,00;
2024;"1144";"1255";"0007";8776;"06A4";"No Estado de Goiás";;4.270,00;5.124,00;5.978,00;6.832,00;
2024;"1144";"1255";"0007";8776;"06A4";"No Estado de Mato Grosso";;1.257,00;1.508,00;1.760,00;2.011,00;
2024;"1144";"1255";"0007";8776;"06A4";"No Estado de Mato Grosso do Sul";;4.248,00;5.098,00;5.947,00;6.797,00;
2024;"1144";"1255";"0007";8776;"06A4";"No Estado de Minas Gerais";;7.616,00;9.139,00;10.662,00;12.185,00;
2024;"1144";"1255";"0007";8776;"06A4";"No Estado de Pernambuco";;52,00;62,00;72,00;82,00;
2024;"1144";"1255";"0007";8776;"06A4";"No Estado de Rondônia";;109,00;130,00;152,00;174,00;
2024;"1144";"1255";"0007";8776;"06A4";"No Estado do Maranhão";;343,00;412,00;481,00;549,00;
2024;"2318";"1263";"0023";8816;"062R";"Região Centro-Oeste";"unidade";26,00;26,00;25,17;23,50;
2024;"2318";"1263";"0023";8816;"062R";"Região Nordeste";"unidade";18,37;18,24;17,88;17,28;
2024;"2318";"1263";"0023";8816;"062R";"Região Norte";"unidade";25,90;25,51;24,66;23,09;
2024;"2318";"1263";"0023";8816;"062R";"Região Sudeste";"unidade";18,22;18,11;17,74;16,93;
2024;"2318";"1263";"0023";8816;"062R";"Região Sul";"unidade";24,48;24,37;24,04;23,17;
2024;"2322";"1256";"0014";8779;"05MR";"Região Centro-Oeste";"%";97,80;98,00;98,30;98,50;
2024;"2322";"1256";"0014";8779;"05MR";"Região Sudeste";"%";98,10;98,30;98,50;98,70;
2024;"2322";"1256";"0014";8779;"05MR";"Região Sul";"%";98,70;98,80;99,00;99,10;
2024;"2322";"1256";"0014";8779;"05MR";"Região Nordeste";"%";96,20;96,60;97,10;97,50;
2024;"2322";"1256";"0014";8779;"05MR";"Região Norte";"%";93,30;94,10;94,80;95,60;
2024;"4101";"1265";"0025";8810;"05SZ";"Brasília";;15,00;15,00;16,00;17,00;
2024;"5662";"1268";"0026";11374;"06PI";"Nacional";"unidade";44,00;43,00;45,00;45,00;
2024;"5662";"1268";"0027";11499;"0741";"Região Norte";"unidade";5,00;10,00;10,00;10,00;
2024;"5662";"1268";"0027";11499;"0741";"Região Centro-Oeste";"unidade";5,00;8,00;8,00;4,00;
2024;"5662";"1268";"0027";11499;"0741";"Região Sudeste";"unidade";3,00;5,00;5,00;2,00;
2024;"5662";"1268";"0027";11499;"0741";"Região Sul";"unidade";2,00;2,00;2,00;1,00;
2024;"5662";"1268";"0027";11499;"0741";"Região Nordeste";"unidade";5,00;10,00;10,00;10,00;
2024;"5123";"1280";"0028";8819;"053M";"Acre";;4.474,00;3.639,00;2.805,00;1.969,00;
2024;"5123";"1280";"0028";8819;"053M";"Amapá";;2.042,00;1.661,00;1.280,00;898,00;
2024;"5123";"1280";"0028";8819;"053M";"Amazonas";;40.568,00;32.998,00;25.427,00;17.859,00;
2024;"5123";"1280";"0028";8819;"053M";"Pará";;17.308,00;14.079,00;10.849,00;7.620,00;
2024;"5123";"1280";"0028";8819;"053M";"Rondônia";;9.121,00;7.420,00;5.717,00;4.016,00;
2024;"5123";"1280";"0028";8819;"053M";"Roraima";;18.784,00;15.278,00;11.773,00;8.268,00;
2024;"5123";"1280";"0028";8819;"053M";"Tocantins";;0,00;0,00;0,00;0,00;
2024;"5123";"1280";"0028";8819;"053M";"Maranhão";;58,00;48,00;37,00;26,00;
2024;"5123";"1280";"0028";8819;"053M";"Mato Grosso";;1.180,00;959,00;740,00;519,00;
2024;"6113";"1276";"0032";8829;"053O";"Zona costeira e marinha";"%";70,00;70,00;70,00;70,00;
2024;"5111";"1281";"0039";8832;"06GC";"Região Centro-Oeste";"%";35,00;38,30;40,90;43,70;
2024;"5111";"1281";"0039";8832;"06GC";"Região Nordeste";"%";37,50;41,00;43,80;46,80;
2024;"5111";"1281";"0039";8832;"06GC";"Região Norte";"%";22,70;24,80;26,50;28,30;
2024;"5111";"1281";"0039";8832;"06GC";"Região Sudeste";"%";49,30;54,00;57,70;61,70;
2024;"5111";"1281";"0039";8832;"06GC";"Região Sul";"%";47,30;51,70;55,20;59,00;
2024;"2321";"1270";"0055";10567;"06BJ";"Região Centro-Oeste";"ha";74.718,31;78.080,63;81.594,26;85.266,00;
2024;"2321";"1270";"0055";10567;"06BJ";"Região Sudeste";"ha";173.597,85;181.064,80;189.212,72;197.727,29;
2024;"2321";"1270";"0055";10567;"06BJ";"Região Nordeste";"ha";85.666,91;89.521,93;93.550,41;97.760,18;
2024;"2321";"1270";"0055";10567;"06BJ";"Região Sul";"ha";33.597,85;35.109,75;36.689,69;38.340,73;
2024;"2321";"1270";"0055";10567;"06BJ";"Região Norte";"ha";16.182,39;16.910,60;17.671,57;18.466,79;
2024;"2321";"1270";"0056";8859;"068Y";"Região Sudeste";"unidade";0,00;0,00;5,00;16,00;
2024;"2321";"1270";"0056";8859;"068Y";"Região Sul";"unidade";3,00;3,00;3,00;6,00;
2024;"2321";"1270";"0056";8859;"068Y";"Região Nordeste";"unidade";97,00;132,00;197,00;383,00;
2024;"2321";"1270";"0058";9981;"06F1";"Região Hidrográfica Amazônica";"%";0,14;0,14;0,15;0,15;
2024;"2321";"1270";"0058";9981;"06F1";"Região Hidrográfica Tocantins-Araguaia";"%";2,67;2,75;2,83;2,90;
2024;"2321";"1270";"0058";9981;"06F1";"Região Hidrográfica Atlântico Nordeste Ocidental";"%";3,02;3,08;3,14;3,20;
2024;"2321";"1270";"0058";9981;"06F1";"Região Hidrográfica Atlântico Nordeste Oriental";"%";45,58;45,45;45,32;45,20;
2024;"2321";"1270";"0058";9981;"06F1";"Região Hidrográfica Parnaíba";"%";9,88;9,99;10,10;10,22;
2024;"2321";"1270";"0058";9981;"06F1";"Região Hidrográfica Atlântico Leste";"%";21,76;22,13;22,51;22,89;
2024;"2321";"1270";"0058";9981;"06F1";"Região Hidrográfica São Francisco";"%";33,65;34,73;35,83;36,93;
2024;"2321";"1270";"0058";9981;"06F1";"Região Hidrográfica Atlântico Sudeste";"%";12,42;12,64;12,88;13,11;
2024;"2321";"1270";"0058";9981;"06F1";"Região Hidrográfica Paraná";"%";9,64;9,82;10,00;10,18;
2024;"2321";"1270";"0058";9981;"06F1";"Região Hidrográfica Paraguai";"%";2,31;2,33;2,34;2,37;
2024;"2321";"1270";"0058";9981;"06F1";"Região Hidrográfica Atlântico Sul";"%";24,95;25,10;25,25;25,41;
2024;"2321";"1270";"0058";9981;"06F1";"Região Hidrográfica Uruguai";"%";8,07;8,11;8,16;8,21;
2024;"5661";"1289";"0060";11628;"0742";"Região Centro-Oeste";"%";10,00;10,00;10,00;10,00;
2024;"5661";"1289";"0060";11628;"0742";"Região Nordeste";"%";20,00;20,00;20,00;20,00;
2024;"5661";"1289";"0060";11628;"0742";"Região Norte";"%";20,00;20,00;20,00;20,00;
2024;"5661";"1289";"0060";11628;"0742";"Região Sudeste";"%";30,00;30,00;30,00;30,00;
2024;"5661";"1289";"0060";11628;"0742";"Região Sul";"%";20,00;20,00;20,00;20,00;
2024;"5812";"1287";"0077";10960;"06L8";"Região Sul";"pessoas/ano";1.250,00;1.250,00;1.250,00;1.250,00;
2024;"5812";"1287";"0077";10960;"06L8";"Região Sudeste";"pessoas/ano";1.250,00;1.250,00;1.250,00;1.250,00;
2024;"5812";"1287";"0077";10960;"06L8";"Região Centro-Oeste";"pessoas/ano";1.250,00;1.250,00;1.250,00;1.250,00;
2024;"5812";"1287";"0077";10960;"06L8";"Região Nordeste";"pessoas/ano";1.250,00;1.250,00;1.250,00;1.250,00;
2024;"5812";"1287";"0077";10960;"06L8";"Região Norte";"pessoas/ano";1.250,00;1.250,00;1.250,00;1.250,00;
2024;"6113";"1276";"0078";8888;"06A3";"Exterior";"%";100,00;100,00;100,00;100,00;
2024;"5812";"1287";"0083";8912;"06L9";"Região Sul";"% de execução";25,00;25,00;25,00;25,00;
2024;"5812";"1287";"0083";8912;"06L9";"Região Sudeste";"% de execução";25,00;25,00;25,00;25,00;
2024;"5812";"1287";"0083";8912;"06L9";"Região Centro-Oeste";"% de execução";25,00;25,00;25,00;25,00;
2024;"5812";"1287";"0083";8912;"06L9";"Região Nordeste";"% de execução";25,00;25,00;25,00;25,00;
2024;"5812";"1287";"0083";8912;"06L9";"Região Norte";"% de execução";25,00;25,00;25,00;25,00;
2024;"2302";"1269";"0086";10790;"05IP";"Região Centro-Oeste";"%";100,00;100,00;100,00;100,00;
2024;"2302";"1269";"0086";10790;"05IP";"Região Nordeste";"%";100,00;100,00;100,00;100,00;
2024;"2302";"1269";"0086";10790;"05IP";"Região Norte";"%";100,00;100,00;100,00;100,00;
2024;"2302";"1269";"0086";10790;"05IP";"Região Sudeste";"%";100,00;100,00;100,00;100,00;
2024;"2302";"1269";"0086";10790;"05IP";"Região Sul";"%";100,00;100,00;100,00;100,00;
2024;"2317";"1293";"0088";10523;"05YL";"Região Sul";"%";0,00;4,00;6,00;8,00;
2024;"2317";"1293";"0088";10523;"05YL";"Região Sudeste";"%";0,00;4,00;6,00;8,00;
2024;"2317";"1293";"0088";10523;"05YL";"Região Nordeste";"%";0,00;6,00;8,00;10,00;
2024;"2317";"1293";"0088";10523;"05YL";"Região Norte";"%";0,00;6,00;8,00;10,00;
2024;"2317";"1293";"0088";10523;"05YL";"Região Centro-Oeste";"%";0,00;6,00;8,00;10,00;
2024;"5815";"1299";"0090";8929;"06N0";"Região Norte";"unidades/ano";3,00;4,00;6,00;7,00;
2024;"5815";"1299";"0090";8929;"06N0";"Região Sul";"unidades/ano";1,00;2,00;2,00;3,00;
2024;"5815";"1299";"0090";8929;"06N0";"Região Sudeste";"unidades/ano";1,00;3,00;3,00;3,00;
2024;"5815";"1299";"0090";8929;"06N0";"Região Centro-Oeste";"unidades/ano";2,00;2,00;3,00;5,00;
2024;"5815";"1299";"0090";8929;"06N0";"Região Nordeste";"unidades/ano";3,00;4,00;6,00;7,00;
2024;"2317";"1293";"0095";10504;"0602";"Região Centro-Oeste";"%";4,00;9,00;14,00;20,00;
2024;"2317";"1293";"0095";10504;"0602";"Região Nordeste";"%";4,00;9,00;14,00;20,00;
2024;"2317";"1293";"0095";10504;"0602";"Região Norte";"%";4,00;9,00;14,00;20,00;
2024;"2317";"1293";"0095";10504;"0602";"Região Sudeste";"%";4,00;9,00;14,00;20,00;
2024;"2317";"1293";"0095";10504;"0602";"Região Sul";"%";4,00;9,00;14,00;20,00;
2024;"6113";"1276";"0099";10809;"05IW";"Zona costeira e marinha";"%";8,00;25,00;50,00;50,00;
2024;"2224";"1279";"0102";9395;"06VK";"Região Norte";"unidade";258,00;337,00;377,00;377,00;
2024;"2224";"1279";"0102";9395;"06VK";"Região Nordeste";"unidade";296,00;394,00;434,00;434,00;
2024;"2224";"1279";"0102";9395;"06VK";"Região Centro-Oeste";"unidade";224,00;286,00;306,00;306,00;
2024;"2224";"1279";"0102";9395;"06VK";"Região Sudeste";"unidade";0,00;90,00;120,00;120,00;
2024;"2305";"1251";"0105";9116;"05H7";"Região Centro-Oeste";"%";93,00;94,00;95,00;96,00;
2024;"2305";"1251";"0105";9116;"05H7";"Região Sudeste";"%";92,40;93,60;94,80;96,00;
2024;"2305";"1251";"0105";9116;"05H7";"Região Sul";"%";91,40;92,90;94,50;96,00;
2024;"2305";"1251";"0105";9116;"05H7";"Região Nordeste";"%";86,10;88,70;91,40;94,00;
2024;"2305";"1251";"0105";9116;"05H7";"Região Norte";"%";84,70;87,40;90,20;93,00;
2024;"3107";"1294";"0122";9012;"074G";"Região Norte";"unidade";4,00;8,00;12,00;14,00;
2024;"2310";"1253";"0136";9970;"05CL";"No Estado do Acre";"unidade";2,00;4,00;7,00;10,00;
2024;"2310";"1253";"0136";9970;"05CL";"No Estado de Alagoas";"unidade";2,00;4,00;7,00;10,00;
2024;"2310";"1253";"0136";9970;"05CL";"No Estado do Amapá";"unidade";2,00;4,00;7,00;10,00;
2024;"2310";"1253";"0136";9970;"05CL";"No Estado do Amazonas";"unidade";2,00;4,00;7,00;10,00;
2024;"2310";"1253";"0136";9970;"05CL";"No Estado da Bahia";"unidade";2,00;4,00;7,00;10,00;
2024;"2310";"1253";"0136";9970;"05CL";"No Estado do Ceará";"unidade";2,00;4,00;7,00;10,00;
2024;"2310";"1253";"0136";9970;"05CL";"No Distrito Federal";"unidade";2,00;4,00;7,00;10,00;
2024;"2310";"1253";"0136";9970;"05CL";"No Estado do Espírito Santo";"unidade";2,00;4,00;7,00;10,00;
2024;"2310";"1253";"0136";9970;"05CL";"No Estado de Goiás";"unidade";2,00;4,00;7,00;10,00;
2024;"2310";"1253";"0136";9970;"05CL";"No Estado do Maranhão";"unidade";2,00;4,00;7,00;10,00;
2024;"2310";"1253";"0136";9970;"05CL";"No Estado de Mato Grosso";"unidade";2,00;4,00;7,00;10,00;
2024;"2310";"1253";"0136";9970;"05CL";"No Estado de Mato Grosso do Sul";"unidade";2,00;4,00;7,00;10,00;
2024;"2310";"1253";"0136";9970;"05CL";"No Estado de Minas Gerais";"unidade";2,00;4,00;7,00;10,00;
2024;"2310";"1253";"0136";9970;"05CL";"No Estado do Pará";"unidade";2,00;4,00;7,00;10,00;
2024;"2310";"1253";"0136";9970;"05CL";"No Estado da Paraíba";"unidade";2,00;4,00;7,00;10,00;
2024;"2310";"1253";"0136";9970;"05CL";"No Estado do Paraná";"unidade";2,00;4,00;7,00;10,00;
2024;"2310";"1253";"0136";9970;"05CL";"No Estado de Pernambuco";"unidade";2,00;4,00;7,00;10,00;
2024;"2310";"1253";"0136";9970;"05CL";"No Estado do Piauí";"unidade";2,00;4,00;7,00;10,00;
2024;"2310";"1253";"0136";9970;"05CL";"No Estado do Rio de Janeiro";"unidade";2,00;4,00;7,00;10,00;
2024;"2310";"1253";"0136";9970;"05CL";"No Estado do Rio Grande do Norte";"unidade";2,00;4,00;7,00;10,00;
2024;"2310";"1253";"0136";9970;"05CL";"No Estado do Rio Grande do Sul";"unidade";2,00;4,00;7,00;10,00;
2024;"2310";"1253";"0136";9970;"05CL";"No Estado de Rondônia";"unidade";2,00;4,00;7,00;10,00;
2024;"2310";"1253";"0136";9970;"05CL";"No Estado de Roraima";"unidade";2,00;4,00;7,00;10,00;
2024;"2310";"1253";"0136";9970;"05CL";"No Estado de Santa Catarina";"unidade";2,00;4,00;7,00;10,00;
2024;"2310";"1253";"0136";9970;"05CL";"No Estado de São Paulo";"unidade";2,00;4,00;7,00;10,00;
2024;"2310";"1253";"0136";9970;"05CL";"No Estado de Sergipe";"unidade";2,00;4,00;7,00;10,00;
2024;"2310";"1253";"0136";9970;"05CL";"No Estado do Tocantins";"unidade";2,00;4,00;7,00;10,00;
2024;"5816";"1313";"0193";10107;"06L1";"Região Sul";;1,00;2,00;1,00;4,00;
2024;"5816";"1313";"0193";10107;"06L1";"Região Sudeste";;2,00;1,00;1,00;4,00;
2024;"5816";"1313";"0193";10107;"06L1";"Região Centro-Oeste";;2,00;1,00;2,00;5,00;
2024;"5816";"1313";"0193";10107;"06L1";"Região Nordeste";;2,00;3,00;3,00;8,00;
2024;"5816";"1313";"0193";10107;"06L1";"Região Norte";;3,00;3,00;3,00;9,00;
2024;"2310";"1253";"0141";10266;"05FC";"No Distrito Federal";"%";25,00;40,00;50,00;60,00;
2024;"2310";"1253";"0141";10266;"05FC";"No Estado da Bahia";"%";25,00;40,00;50,00;60,00;
2024;"2310";"1253";"0141";10266;"05FC";"No Estado de Roraima";"%";25,00;40,00;50,00;60,00;
2024;"2310";"1253";"0141";10266;"05FC";"No Estado de Santa Catarina";"%";25,00;40,00;50,00;60,00;
2024;"2310";"1253";"0141";10266;"05FC";"No Estado do Pará";"%";25,00;40,00;50,00;60,00;
2024;"2310";"1253";"0141";10266;"05FC";"No Estado do Paraná";"%";25,00;40,00;50,00;60,00;
2024;"2310";"1253";"0141";10266;"05FC";"No Estado do Piauí";"%";25,00;40,00;50,00;60,00;
2024;"2310";"1253";"0141";10266;"05FC";"No Estado do Rio de Janeiro";"%";25,00;40,00;50,00;60,00;
2024;"2310";"1253";"0141";10266;"05FC";"No Estado do Rio Grande do Norte";"%";25,00;40,00;50,00;60,00;
2024;"2310";"1253";"0141";10266;"05FC";"No Estado do Rio Grande do Sul";"%";25,00;40,00;50,00;60,00;
2024;"2310";"1253";"0141";10266;"05FC";"No Estado do Tocantins";"%";25,00;40,00;50,00;60,00;
2024;"2310";"1253";"0141";10266;"05FC";"No Estado da Paraíba";"%";25,00;40,00;50,00;60,00;
2024;"2310";"1253";"0141";10266;"05FC";"No Estado de Alagoas";"%";25,00;40,00;50,00;60,00;
2024;"2310";"1253";"0141";10266;"05FC";"No Estado de Goiás";"%";25,00;40,00;50,00;60,00;
2024;"2310";"1253";"0141";10266;"05FC";"No Estado de Mato Grosso";"%";25,00;40,00;50,00;60,00;
2024;"2310";"1253";"0141";10266;"05FC";"No Estado de Mato Grosso do Sul";"%";25,00;40,00;50,00;60,00;
2024;"2310";"1253";"0141";10266;"05FC";"No Estado de Minas Gerais";"%";25,00;40,00;50,00;60,00;
2024;"2310";"1253";"0141";10266;"05FC";"No Estado de Pernambuco";"%";25,00;40,00;50,00;60,00;
2024;"2310";"1253";"0141";10266;"05FC";"No Estado de Rondônia";"%";25,00;40,00;50,00;60,00;
2024;"2310";"1253";"0141";10266;"05FC";"No Estado de São Paulo";"%";25,00;40,00;50,00;60,00;
2024;"2310";"1253";"0141";10266;"05FC";"No Estado de Sergipe";"%";25,00;40,00;50,00;60,00;
2024;"2310";"1253";"0141";10266;"05FC";"No Estado do Acre";"%";25,00;40,00;50,00;60,00;
2024;"2310";"1253";"0141";10266;"05FC";"No Estado do Amapá";"%";25,00;40,00;50,00;60,00;
2024;"2310";"1253";"0141";10266;"05FC";"No Estado do Amazonas";"%";25,00;40,00;50,00;60,00;
2024;"2310";"1253";"0141";10266;"05FC";"No Estado do Ceará";"%";25,00;40,00;50,00;60,00;
2024;"2310";"1253";"0141";10266;"05FC";"No Estado do Espírito Santo";"%";25,00;40,00;50,00;60,00;
2024;"2310";"1253";"0141";10266;"05FC";"No Estado do Maranhão";"%";25,00;40,00;50,00;60,00;
2024;"3106";"1278";"0145";9033;"06R5";"Região Norte";"%";55,00;58,00;61,00;64,00;
2024;"3106";"1278";"0145";9033;"06R5";"Região Nordeste";"%";56,00;60,00;65,00;69,00;
2024;"3106";"1278";"0145";9033;"06R5";"Região Centro-Oeste";"%";56,00;59,00;61,00;64,00;
2024;"3106";"1278";"0145";9033;"06R5";"Região Sudeste";"%";41,00;49,00;56,00;64,00;
2024;"3106";"1278";"0145";9033;"06R5";"Região Sul";"%";47,00;53,00;60,00;66,00;
2024;"3106";"1278";"0147";9035;"064K";"Região Nordeste";"km";0,00;0,00;511,00;2.899,00;
2024;"3106";"1278";"0147";9035;"064K";"Região Centro-Oeste";"km";1.434,00;3.515,00;3.838,00;3.838,00;
2024;"3106";"1278";"0147";9035;"064K";"Região Sudeste";"km";1.047,00;1.047,00;1.782,00;1.782,00;
2024;"3106";"1278";"0147";9035;"064K";"Região Sul";"km";0,00;1.890,00;3.728,00;4.773,00;
2024;"3106";"1278";"0147";9035;"064K";"Região Norte";"km";742,00;742,00;742,00;742,00;
2024;"3106";"1278";"0148";9037;"06C7";"Região Sul";"km";20,74;45,47;70,79;88,91;
2024;"3106";"1278";"0148";9037;"06C7";"Região Norte";"km";12,85;19,89;44,79;44,79;
2024;"3106";"1278";"0148";9037;"06C7";"Região Centro-Oeste";"km";50,17;156,38;238,55;400,47;
2024;"3106";"1278";"0148";9037;"06C7";"Região Sudeste";"km";49,88;77,93;229,97;325,60;
2024;"3106";"1278";"0149";9038;"064C";"Região Centro-Oeste";"%";100,00;100,00;100,00;100,00;
2024;"3106";"1278";"0149";9038;"064C";"Região Nordeste";"%";100,00;100,00;100,00;100,00;
2024;"3106";"1278";"0149";9038;"064C";"Região Norte";"%";100,00;100,00;100,00;100,00;
2024;"3106";"1278";"0149";9038;"064C";"Região Sudeste";"%";100,00;100,00;100,00;100,00;
2024;"3106";"1278";"0149";9038;"064C";"Região Sul";"%";100,00;100,00;100,00;100,00;
2024;"2305";"1251";"0151";9052;"05N2";"Região Sul";;1.778,00;2.113,00;2.280,00;2.449,00;
2024;"2305";"1251";"0151";9052;"05N2";"Região Norte";;2.101,00;2.971,00;3.406,00;3.841,00;
2024;"2305";"1251";"0151";9052;"05N2";"Região Sudeste";;8.418,00;12.163,00;14.395,00;15.909,00;
2024;"2305";"1251";"0151";9052;"05N2";"Região Nordeste";;9.983,00;13.401,00;15.109,00;16.819,00;
2024;"2305";"1251";"0151";9052;"05N2";"Região Centro-Oeste";;6.590,00;8.421,00;9.336,00;10.254,00;
2024;"2314";"1286";"0155";9094;"058G";"Superintendência Sudeste I";"d";29,00;29,00;28,00;27,00;
2024;"2314";"1286";"0155";9094;"058G";"Superintendência Sudeste II";"d";47,00;46,00;45,00;44,00;
2024;"2314";"1286";"0155";9094;"058G";"Superintendência Sudeste III";"d";45,00;44,00;43,00;42,00;
2024;"2314";"1286";"0155";9094;"058G";"Superintendência Nordeste";"d";50,00;49,00;48,00;46,00;
2024;"2314";"1286";"0155";9094;"058G";"Superintendência Norte/Centro-Oeste";"d";47,00;46,00;45,00;44,00;
2024;"2314";"1286";"0155";9094;"058G";"Superintendência Sul";"d";51,00;50,00;49,00;48,00;
2024;"2310";"1253";"0156";9214;"055C";"Região Sul";"unidade";60,00;95,00;135,00;175,00;
2024;"2310";"1253";"0156";9214;"055C";"Região Sudeste";"unidade";780,00;1.260,00;1.920,00;2.650,00;
2024;"2310";"1253";"0156";9214;"055C";"Região Centro-Oeste";"unidade";10,00;10,00;25,00;35,00;
2024;"2310";"1253";"0156";9214;"055C";"Região Nordeste";"unidade";390,00;630,00;960,00;1.320,00;
2024;"2310";"1253";"0156";9214;"055C";"Região Norte";"unidade";60,00;105,00;160,00;220,00;
2024;"5112";"1302";"0158";9095;"0683";"Região Nordeste";"%";87,70;94,00;97,00;100,00;
2024;"5112";"1302";"0158";9095;"0683";"Região Norte";"%";82,30;91,00;95,00;100,00;
2024;"5112";"1302";"0158";9095;"0683";"Região Sudeste";"%";90,30;95,00;98,00;100,00;
2024;"5112";"1302";"0158";9095;"0683";"Nacional";"%";88,30;94,00;97,00;100,00;
2024;"5112";"1302";"0158";9095;"0683";"Região Centro-Oeste";"%";90,50;95,00;98,00;100,00;
2024;"5112";"1302";"0158";9095;"0683";"Região Sul";"%";88,40;94,00;97,00;100,00;
2024;"3104";"1303";"0159";9742;"067R";"Região Norte";"unidade";31,00;33,00;36,00;41,00;
2024;"3104";"1303";"0159";9742;"067R";"Região Nordeste";"unidade";31,00;32,00;34,00;34,00;
2024;"3104";"1303";"0159";9742;"067R";"Região Centro-Oeste";"unidade";15,00;16,00;18,00;21,00;
2024;"3104";"1303";"0159";9742;"067R";"Região Sudeste";"unidade";26,00;27,00;29,00;32,00;
2024;"3104";"1303";"0159";9742;"067R";"Região Sul";"unidade";22,00;22,00;23,00;23,00;
2024;"2317";"1293";"0161";11313;"05X2";"Região Norte";"%";65,00;65,00;65,00;65,00;
2024;"2317";"1293";"0161";11313;"05X2";"Região Nordeste";"%";70,00;70,00;70,00;70,00;
2024;"2317";"1293";"0161";11313;"05X2";"Região Centro-Oeste";"%";51,00;51,00;51,00;51,00;
2024;"1617";"1305";"0168";11182;"06RB";"Região Norte";"%";0,36;0,66;1,08;1,28;
2024;"1617";"1305";"0168";11182;"06RB";"Região Nordeste";"%";0,26;0,52;0,68;0,74;
2024;"1617";"1305";"0168";11182;"06RB";"Região Sudeste";"%";0,10;0,22;0,34;0,48;
2024;"1617";"1305";"0168";11182;"06RB";"Região Sul";"%";0,16;0,40;0,54;0,62;
2024;"1617";"1305";"0168";11182;"06RB";"Região Centro-Oeste";"%";0,20;0,40;0,70;0,92;
2024;"3901";"1271";"0171";9160;"06LC";"Região Nordeste";"km";0,00;650,00;1.300,00;1.300,00;
2024;"3901";"1271";"0171";9160;"06LC";"Região Centro-Oeste";"km";0,00;325,00;650,00;650,00;
2024;"3901";"1271";"0171";9160;"06LC";"Região Sudeste";"km";469,00;3.648,00;9.190,00;10.597,00;
2024;"3901";"1271";"0171";9160;"06LC";"Região Sul";"km";647,00;2.671,00;4.695,00;6.637,00;
2024;"5125";"1312";"0177";9261;"06VN";"Região Norte";"unidade";47,00;47,00;47,00;47,00;
2024;"5125";"1312";"0177";9261;"06VN";"Região Centro-Oeste";"unidade";45,00;45,00;45,00;45,00;
2024;"5125";"1312";"0177";9261;"06VN";"Região Sudeste";"unidade";230,00;230,00;230,00;230,00;
2024;"5125";"1312";"0177";9261;"06VN";"Região Sul";"unidade";81,00;81,00;81,00;81,00;
2024;"5125";"1312";"0177";9261;"06VN";"Região Nordeste";"unidade";147,00;147,00;147,00;147,00;
2024;"2306";"1308";"0180";9566;"0686";"Região Nordeste";"unidade";2,00;2,00;2,00;2,00;
2024;"2306";"1308";"0180";9566;"0686";"Região Sudeste";"unidade";22,00;22,00;22,00;22,00;
2024;"2306";"1308";"0182";9690;"069X";"Região Nordeste";"unidade";25,00;25,00;25,00;25,00;
2024;"2306";"1308";"0182";9690;"069X";"Região Sudeste";"unidade";175,00;175,00;175,00;175,00;
2024;"2306";"1308";"0183";9702;"06A1";"Região Centro-Oeste";"%";6,00;6,00;6,00;6,00;
2024;"2306";"1308";"0183";9702;"06A1";"Região Nordeste";"%";12,00;12,00;12,00;12,00;
2024;"2306";"1308";"0183";9702;"06A1";"Região Norte";"%";4,00;4,00;4,00;4,00;
2024;"2306";"1308";"0183";9702;"06A1";"Região Sudeste";"%";63,00;63,00;63,00;63,00;
2024;"2306";"1308";"0183";9702;"06A1";"Região Sul";"%";15,00;15,00;15,00;15,00;
2024;"5122";"1295";"0186";9207;"05LT";"Distrito Sanitário Especial Indígena - Xavante";"unidade";44,00;40,43;36,87;33,30;
2024;"5122";"1295";"0186";9207;"05LT";"Distrito Sanitário Especial Indígena - Xingu";"unidade";10,55;9,70;8,84;7,98;
2024;"5122";"1295";"0186";9207;"05LT";"Distrito Sanitário Especial Indígena - Maranhão";"unidade";5,50;5,05;5,05;5,05;
2024;"5122";"1295";"0186";9207;"05LT";"Distrito Sanitário Especial Indígena - Pernambuco";"unidade";5,16;5,16;5,16;5,16;
2024;"5122";"1295";"0186";9207;"05LT";"Distrito Sanitário Especial Indígena - Minas Gerais e Espírito Santo";"unidade";22,51;20,69;18,86;17,04;
2024;"5122";"1295";"0186";9207;"05LT";"Distrito Sanitário Especial Indígena - Litoral Sul";"unidade";5,02;5,02;5,02;5,02;
2024;"5122";"1295";"0186";9207;"05LT";"Distrito Sanitário Especial Indígena - Médio Rio Purus";"unidade";9,84;9,04;8,24;7,45;
2024;"5122";"1295";"0186";9207;"05LT";"Distrito Sanitário Especial Indígena - Mato Grosso do Sul";"unidade";9,40;8,64;7,88;7,11;
2024;"5122";"1295";"0186";9207;"05LT";"Distrito Sanitário Especial Indígena - Interior Sul";"unidade";15,33;14,09;12,85;11,06;
2024;"5122";"1295";"0186";9207;"05LT";"Distrito Sanitário Especial Indígena - Bahia";"unidade";3,34;3,34;3,34;3,34;
2024;"5122";"1295";"0186";9207;"05LT";"Distrito Sanitário Especial Indígena - Parintins";"unidade";3,72;3,72;3,72;3,72;
2024;"5122";"1295";"0186";9207;"05LT";"Distrito Sanitário Especial Indígena - Médio Rio Solimões e Afluentes";"unidade";31,36;28,81;26,27;23,73;
2024;"5122";"1295";"0186";9207;"05LT";"Distrito Sanitário Especial Indígena - Guamá-Tocantins";"unidade";13,07;12,59;11,48;10,37;
2024;"5122";"1295";"0186";9207;"05LT";"Distrito Sanitário Especial Indígena - Amapá e Norte do Pará";"unidade";22,09;20,30;18,51;16,72;
2024;"5122";"1295";"0186";9207;"05LT";"Distrito Sanitário Especial Indígena - Kaiapó do Pará";"unidade";13,60;12,50;11,04;10,29;
2024;"5122";"1295";"0186";9207;"05LT";"Distrito Sanitário Especial Indígena - Manaus";"unidade";1,55;1,55;1,55;1,55;
2024;"5122";"1295";"0186";9207;"05LT";"Distrito Sanitário Especial Indígena - Altamira";"unidade";14,02;12,88;11,74;10,61;
2024;"5122";"1295";"0186";9207;"05LT";"Distrito Sanitário Especial Indígena - Alto Rio Negro";"unidade";21,17;19,46;17,74;16,02;
2024;"5122";"1295";"0186";9207;"05LT";"Distrito Sanitário Especial Indígena - Leste de Roraima";"unidade";11,27;10,36;9,45;8,53;
2024;"5122";"1295";"0186";9207;"05LT";"Distrito Sanitário Especial Indígena - Vale do Javari";"unidade";47,19;43,37;39,54;35,71;
2024;"5122";"1295";"0186";9207;"05LT";"Distrito Sanitário Especial Indígena - Potiguara";"unidade";5,11;5,11;5,11;5,11;
2024;"5122";"1295";"0186";9207;"05LT";"Distrito Sanitário Especial Indígena - Alto Rio Purus";"unidade";53,62;49,28;44,93;40,58;
2024;"5122";"1295";"0186";9207;"05LT";"Distrito Sanitário Especial Indígena - Porto Velho";"unidade";15,11;13,89;12,66;11,44;
2024;"5122";"1295";"0186";9207;"05LT";"Distrito Sanitário Especial Indígena - Rio Tapajós";"unidade";19,76;18,16;16,56;14,96;
2024;"5122";"1295";"0186";9207;"05LT";"Distrito Sanitário Especial Indígena - Alto Rio Solimões";"unidade";13,03;11,98;10,92;9,86;
2024;"5122";"1295";"0186";9207;"05LT";"Distrito Sanitário Especial Indígena - Vilhena";"unidade";9,89;9,09;8,29;7,49;
2024;"5122";"1295";"0186";9207;"05LT";"Distrito Sanitário Especial Indígena - Ceará";"unidade";2,30;2,30;2,30;2,30;
2024;"5122";"1295";"0186";9207;"05LT";"Distrito Sanitário Especial Indígena - Kaiapó do Mato Grosso";"unidade";17,34;15,94;14,53;13,13;
2024;"5122";"1295";"0186";9207;"05LT";"Distrito Sanitário Especial Indígena - Alagoas e Sergipe";"unidade";7,52;6,91;6,30;5,69;
2024;"5122";"1295";"0186";9207;"05LT";"Distrito Sanitário Especial Indígena - Cuiabá";"unidade";19,01;17,47;15,92;14,38;
2024;"5122";"1295";"0186";9207;"05LT";"Distrito Sanitário Especial Indígena - Yanomami";"unidade";65,47;60,16;54,85;49,54;
2024;"5122";"1295";"0186";9207;"05LT";"Distrito Sanitário Especial Indígena - Tocantins";"unidade";10,11;9,29;8,47;7,65;
2024;"5122";"1295";"0186";9207;"05LT";"Distrito Sanitário Especial Indígena - Araguaia";"unidade";21,85;20,08;18,31;16,54;
2024;"5122";"1295";"0186";9207;"05LT";"Distrito Sanitário Especial Indígena - Alto Rio Juruá";"unidade";22,12;20,33;18,53;16,74;
2024;"1144";"1255";"0185";9199;"06CD";"Região Centro-Oeste";"ha";21.750,00;33.000,00;44.250,00;55.500,00;
2024;"1144";"1255";"0185";9199;"06CD";"Região Sudeste";"ha";58.000,00;88.000,00;118.000,00;148.000,00;
2024;"1144";"1255";"0185";9199;"06CD";"Região Norte";"ha";8.700,00;13.200,00;17.700,00;22.200,00;
2024;"1144";"1255";"0185";9199;"06CD";"Região Nordeste";"ha";10.150,00;15.400,00;20.650,00;25.900,00;
2024;"1144";"1255";"0185";9199;"06CD";"Região Sul";"ha";46.400,00;70.400,00;94.400,00;118.400,00;
2024;"5816";"1313";"0190";9853;"06HS";"Região Sul";"unidades/ano";15,00;30,00;45,00;60,00;
2024;"5816";"1313";"0190";9853;"06HS";"Região Sudeste";"unidades/ano";20,00;40,00;60,00;80,00;
2024;"5816";"1313";"0190";9853;"06HS";"Região Centro-Oeste";"unidades/ano";15,00;30,00;45,00;60,00;
2024;"5816";"1313";"0190";9853;"06HS";"Região Nordeste";"unidades/ano";25,00;50,00;75,00;100,00;
2024;"5816";"1313";"0190";9853;"06HS";"Região Norte";"unidades/ano";25,00;50,00;75,00;100,00;
2024;"5816";"1313";"0191";9864;"06I4";"Região Sul";;0,00;2,00;1,00;3,00;
2024;"5816";"1313";"0191";9864;"06I4";"Região Sudeste";;3,00;2,00;0,00;4,00;
2024;"5816";"1313";"0191";9864;"06I4";"Região Norte";;2,00;2,00;2,00;7,00;
2024;"5816";"1313";"0191";9864;"06I4";"Região Centro-Oeste";;1,00;2,00;0,00;2,00;
2024;"5816";"1313";"0191";9864;"06I4";"Região Nordeste";;4,00;3,00;3,00;11,00;
2024;"5816";"1313";"0192";9974;"06IU";"Região Sudeste";"%";100,00;100,00;100,00;100,00;
2024;"5816";"1313";"0192";9974;"06IU";"Região Norte";"%";85,00;100,00;100,00;100,00;
2024;"5816";"1313";"0192";9974;"06IU";"Região Sul";"%";100,00;100,00;100,00;100,00;
2024;"5816";"1313";"0192";9974;"06IU";"Região Centro-Oeste";"%";50,00;75,00;75,00;100,00;
2024;"5816";"1313";"0192";9974;"06IU";"Região Nordeste";"%";80,00;90,00;95,00;100,00;
2024;"5811";"1315";"0199";9906;"06H7";"Região Sul";;30,00;60,00;60,00;30,00;
2024;"5811";"1315";"0199";9906;"06H7";"Região Sudeste";;40,00;80,00;80,00;40,00;
2024;"5811";"1315";"0199";9906;"06H7";"Região Centro-Oeste";;40,00;80,00;80,00;40,00;
2024;"5811";"1315";"0199";9906;"06H7";"Região Nordeste";;90,00;180,00;180,00;90,00;
2024;"5811";"1315";"0199";9906;"06H7";"Região Norte";"% de execução";70,00;140,00;140,00;70,00;
2024;"2306";"1308";"0204";9710;"06C2";"Nacional";"%";40,00;40,00;40,00;40,00;
2024;"2306";"1308";"0205";9720;"06IO";"Região Sudeste";"%";13,00;36,00;63,00;100,00;
2024;"5804";"1304";"0226";11405;"067H";"Região Centro-Oeste";"%";5,26;5,26;5,26;5,26;
2024;"5804";"1304";"0226";11405;"067H";"Região Nordeste";"%";22,81;22,81;22,81;22,81;
2024;"5804";"1304";"0226";11405;"067H";"Região Norte";"%";6,14;6,14;6,14;6,14;
2024;"5804";"1304";"0226";11405;"067H";"Região Sudeste";"%";36,55;36,55;36,55;36,55;
2024;"5804";"1304";"0226";11405;"067H";"Região Sul";"%";29,24;29,24;29,24;29,24;
2024;"2305";"1251";"0232";9310;"05AB";"Região Nordeste";"%";12,00;53,00;93,00;100,00;
2024;"2305";"1251";"0232";9310;"05AB";"Região Norte";"%";0,00;37,00;52,00;100,00;
2024;"2305";"1251";"0232";9310;"05AB";"Região Sul";"%";0,00;77,00;100,00;100,00;
2024;"2305";"1251";"0232";9310;"05AB";"Região Sudeste";"%";31,00;80,00;100,00;100,00;
2024;"2305";"1251";"0232";9310;"05AB";"Região Centro-Oeste";"%";39,00;88,00;100,00;100,00;
2024;"6114";"1320";"0237";9373;"05UT";"Bioma Amazônia";"%";20,00;20,00;20,00;20,00;
2024;"6114";"1320";"0237";9373;"05UT";"Bioma Caatinga";"%";20,00;20,00;20,00;20,00;
2024;"6114";"1320";"0237";9373;"05UT";"Bioma Cerrado";"%";20,00;20,00;20,00;20,00;
2024;"6114";"1320";"0237";9373;"05UT";"Bioma Mata Atlântica";"%";20,00;20,00;20,00;20,00;
2024;"6114";"1320";"0237";9373;"05UT";"Bioma Pampa";"%";20,00;20,00;20,00;20,00;
2024;"6114";"1320";"0237";9373;"05UT";"Bioma Pantanal";"%";20,00;20,00;20,00;20,00;
2024;"2319";"1257";"0245";9394;"056U";"Região Norte";"%";0,10;0,18;0,08;0,05;
2024;"2319";"1257";"0245";9394;"056U";"Região Sudeste";"%";0,35;0,59;0,25;0,17;
2024;"2319";"1257";"0245";9394;"056U";"Região Sul";"%";0,18;0,32;0,14;0,09;
2024;"2319";"1257";"0245";9394;"056U";"Região Centro-Oeste";"%";0,08;0,15;0,06;0,04;
2024;"2319";"1257";"0245";9394;"056U";"Região Nordeste";"%";0,34;0,59;0,25;0,17;
2024;"5131";"1322";"0253";9417;"056Z";"Região Centro-Oeste";"%";75,50;76,00;76,50;77,00;
2024;"5131";"1322";"0253";9417;"056Z";"Região Sudeste";"%";71,50;72,00;72,50;73,00;
2024;"5131";"1322";"0253";9417;"056Z";"Região Sul";"%";94,20;94,30;94,40;94,50;
2024;"5131";"1322";"0253";9417;"056Z";"Região Norte";"%";55,00;59,00;60,00;63,00;
2024;"5131";"1322";"0253";9417;"056Z";"Região Nordeste";"%";64,00;70,00;76,00;77,00;
2024;"1189";"1319";"0271";9464;"060U";"Bioma Caatinga";"ha";28.000.000,00;28.000.000,00;28.000.000,00;28.000.000,00;
2024;"1189";"1319";"0271";9464;"060U";"Bioma Cerrado";"ha";2.000.000,00;24.500.000,00;24.500.000,00;25.000.000,00;
2024;"1189";"1319";"0271";9464;"060U";"Bioma Mata Atlântica";"ha";0,00;4.500.000,00;14.500.000,00;14.500.000,00;
2024;"1189";"1319";"0271";9464;"060U";"Bioma Pampa";"ha";0,00;0,00;0,00;7.500.000,00;
2024;"1158";"1318";"0275";9510;"05ZC";"Região Nordeste";"unidade";10,00;10,00;10,00;10,00;
2024;"1158";"1318";"0275";9510;"05ZC";"Região Norte";"unidade";0,00;1,00;3,00;3,00;
2024;"1158";"1318";"0275";9510;"05ZC";"Região Centro-Oeste";"unidade";0,00;2,00;3,00;3,00;
2024;"1158";"1318";"0275";9510;"05ZC";"Região Sudeste";"unidade";0,00;1,00;3,00;3,00;
2024;"1158";"1318";"0275";9510;"05ZC";"Região Sul";"unidade";0,00;1,00;2,00;2,00;
2024;"5131";"1322";"0276";9478;"057Z";"Região Centro-Oeste";"%";67,00;69,00;71,00;75,00;
2024;"5131";"1322";"0276";9478;"057Z";"Região Nordeste";"%";64,00;68,00;71,00;76,00;
2024;"5131";"1322";"0276";9478;"057Z";"Região Norte";"%";74,00;78,00;82,00;88,00;
2024;"5131";"1322";"0276";9478;"057Z";"Região Sudeste";"%";73,00;74,00;75,00;76,00;
2024;"5131";"1322";"0276";9478;"057Z";"Região Sul";"%";65,00;66,00;67,00;68,00;
2024;"1158";"1318";"0279";9477;"05U9";"Região Norte";"unidade";9,00;14,00;18,00;20,00;
2024;"1158";"1318";"0279";9477;"05U9";"Região Nordeste";"unidade";26,00;39,00;52,00;57,00;
2024;"1158";"1318";"0279";9477;"05U9";"Região Centro-Oeste";"unidade";9,00;14,00;18,00;20,00;
2024;"1158";"1318";"0279";9477;"05U9";"Região Sudeste";"unidade";41,00;61,00;82,00;90,00;
2024;"1158";"1318";"0279";9477;"05U9";"Região Sul";"unidade";15,00;22,00;30,00;33,00;
2024;"1190";"1317";"0285";9490;"05VB";"Região Norte";"%";0,50;1,50;2,00;5,00;
2024;"1190";"1317";"0285";9490;"05VB";"Região Nordeste";"%";1,00;1,50;3,00;6,00;
2024;"1190";"1317";"0285";9490;"05VB";"Região Sudeste";"%";2,00;3,50;7,00;13,00;
2024;"1190";"1317";"0285";9490;"05VB";"Região Sul";"%";1,00;2,00;5,00;10,00;
2024;"1190";"1317";"0285";9490;"05VB";"Região Centro-Oeste";"%";0,50;1,50;3,00;6,00;
2024;"5131";"1322";"0309";9597;"0590";"Região Centro-Oeste";"%";61,00;63,00;66,00;68,00;
2024;"5131";"1322";"0309";9597;"0590";"Região Nordeste";"%";95,00;95,00;96,00;96,00;
2024;"5131";"1322";"0309";9597;"0590";"Região Norte";"%";92,00;92,00;93,00;93,00;
2024;"5131";"1322";"0309";9597;"0590";"Região Sudeste";"%";51,00;54,00;57,00;60,00;
2024;"5131";"1322";"0309";9597;"0590";"Região Sul";"%";28,00;32,00;36,00;40,00;
2024;"2305";"1251";"0294";10019;"05CY";"Região Norte";"%";100,00;100,00;100,00;100,00;
2024;"2305";"1251";"0294";10019;"05CY";"Região Nordeste";"%";100,00;100,00;100,00;100,00;
2024;"2305";"1251";"0294";10019;"05CY";"Região Centro-Oeste";"%";100,00;100,00;100,00;100,00;
2024;"2305";"1251";"0294";10019;"05CY";"Região Sudeste";"%";100,00;100,00;100,00;100,00;
2024;"2305";"1251";"0294";10019;"05CY";"Região Sul";"%";100,00;100,00;100,00;100,00;
2024;"2305";"1251";"0295";9549;"058T";"Região Nordeste";"%";100,00;100,00;100,00;100,00;
2024;"2305";"1251";"0295";9549;"058T";"Região Norte";"%";100,00;100,00;100,00;100,00;
2024;"2305";"1251";"0295";9549;"058T";"Região Centro-Oeste";"%";100,00;100,00;100,00;100,00;
2024;"2305";"1251";"0295";9549;"058T";"Região Sudeste";"%";100,00;100,00;100,00;100,00;
2024;"2305";"1251";"0295";9549;"058T";"Região Sul";"%";100,00;100,00;100,00;100,00;
2024;"5837";"1325";"0302";10978;"06U6";"Região Nordeste";;12,00;24,00;36,00;48,00;
2024;"5837";"1325";"0302";10978;"06U6";"Região Norte";;8,00;16,00;24,00;32,00;
2024;"1191";"1328";"0321";10136;"05E3";"Região Centro-Oeste";"unidade";150,00;160,00;170,00;180,00;
2024;"1191";"1328";"0321";10136;"05E3";"Região Nordeste";"unidade";21.756,00;22.026,00;22.297,00;22.567,00;
2024;"1191";"1328";"0321";10136;"05E3";"Região Sudeste";"unidade";5.090,00;5.154,00;5.217,00;5.280,00;
2024;"1191";"1328";"0321";10136;"05E3";"Região Sul";"unidade";10.518,00;10.714,00;10.838,00;10.960,00;
2024;"1191";"1328";"0321";10136;"05E3";"Região Norte";"unidade";3.421,00;3.464,00;3.506,00;3.549,00;
2024;"5131";"1322";"0322";9621;"05NB";"Região Norte";"d";131,00;100,00;70,00;70,00;
2024;"5131";"1322";"0322";9621;"05NB";"Região Nordeste";"d";153,00;111,00;70,00;70,00;
2024;"5131";"1322";"0322";9621;"05NB";"Região Sudeste";"d";113,00;91,00;70,00;70,00;
2024;"5131";"1322";"0322";9621;"05NB";"Região Sul";"d";113,00;91,00;70,00;70,00;
2024;"5131";"1322";"0322";9621;"05NB";"Região Centro-Oeste";"d";158,00;114,00;70,00;70,00;
2024;"1191";"1328";"0334";10322;"05FT";"Região Norte";;17.745,00;17.761,00;17.776,00;17.791,00;
2024;"1191";"1328";"0334";10322;"05FT";"Região Nordeste";;348.830,00;349.206,00;349.582,00;349.959,00;
2024;"1191";"1328";"0334";10322;"05FT";"Região Centro-Oeste";;7.198,00;7.206,00;7.214,00;7.221,00;
2024;"1191";"1328";"0334";10322;"05FT";"Região Sudeste";;48.587,00;48.641,00;48.694,00;48.748,00;
2024;"1191";"1328";"0334";10322;"05FT";"Região Sul";;42.640,00;42.687,00;42.734,00;42.781,00;
2024;"1191";"1328";"0325";10182;"05EJ";"Região Nordeste";"unidade";6.000,00;12.000,00;18.000,00;30.000,00;
2024;"1191";"1328";"0325";10182;"05EJ";"Região Norte";"unidade";2.250,00;4.500,00;6.750,00;11.250,00;
2024;"1191";"1328";"0325";10182;"05EJ";"Região Centro-Oeste";"unidade";1.500,00;3.000,00;4.500,00;7.500,00;
2024;"1191";"1328";"0325";10182;"05EJ";"Região Sudeste";"unidade";2.250,00;4.500,00;6.750,00;11.250,00;
2024;"1191";"1328";"0325";10182;"05EJ";"Região Sul";"unidade";3.000,00;6.000,00;9.000,00;15.000,00;
2024;"1191";"1328";"0328";10086;"05DL";"Região Nordeste";;4.315,00;5.328,00;6.244,00;6.843,00;
2024;"1191";"1328";"0328";10086;"05DL";"Região Norte";;4.315,00;5.328,00;6.244,00;6.843,00;
2024;"1191";"1328";"0328";10086;"05DL";"Região Sudeste";;2.763,00;3.411,00;3.997,00;4.379,00;
2024;"1191";"1328";"0328";10086;"05DL";"Região Sul";;2.763,00;3.411,00;3.997,00;4.379,00;
2024;"1191";"1328";"0328";10086;"05DL";"Região Centro-Oeste";;3.107,00;3.837,00;4.495,00;4.928,00;
2024;"1191";"1328";"0330";10532;"05H6";"Semiárido";;19.500,00;24.400,00;29.300,00;35.160,00;
2024;"1191";"1328";"0330";10532;"05H6";"Região Norte";;4.073,00;4.074,00;4.076,00;4.077,00;
2024;"1191";"1328";"0330";10532;"05H6";"Região Sudeste";;70.343,00;70.364,00;70.396,00;70.417,00;
2024;"1191";"1328";"0330";10532;"05H6";"Região Sul";;50,00;55,00;60,00;70,00;
2024;"1191";"1328";"0330";10532;"05H6";"Região Nordeste";;572.505,00;572.678,00;572.939,00;573.107,00;
2024;"1191";"1328";"0333";10805;"05IS";"Região Nordeste";"unidade";46.942,00;47.340,00;47.539,00;47.738,00;
2024;"1191";"1328";"0333";10805;"05IS";"Região Norte";"unidade";2.603,00;2.625,00;2.636,00;2.647,00;
2024;"1191";"1328";"0333";10805;"05IS";"Região Sudeste";"unidade";17.865,00;18.016,00;18.092,00;18.167,00;
2024;"1191";"1328";"0333";10805;"05IS";"Região Sul";"unidade";49.938,00;50.362,00;50.573,00;50.785,00;
2024;"1191";"1328";"0333";10805;"05IS";"Região Centro-Oeste";"unidade";651,00;657,00;660,00;663,00;
2024;"5636";"1296";"0339";9708;"05A6";"Região Centro-Oeste";"unidade";20,00;20,00;20,00;20,00;
2024;"5636";"1296";"0339";9708;"05A6";"Região Nordeste";"unidade";20,00;20,00;20,00;20,00;
2024;"5636";"1296";"0339";9708;"05A6";"Região Norte";"unidade";20,00;20,00;20,00;20,00;
2024;"5636";"1296";"0339";9708;"05A6";"Região Sudeste";"unidade";20,00;20,00;20,00;20,00;
2024;"5636";"1296";"0339";9708;"05A6";"Região Sul";"unidade";20,00;20,00;20,00;20,00;
2024;"5131";"1322";"0341";9668;"059P";"Região Centro-Oeste";"%";50,00;75,00;85,00;95,00;
2024;"5131";"1322";"0341";9668;"059P";"Região Nordeste";"%";52,00;78,00;89,00;97,00;
2024;"5131";"1322";"0341";9668;"059P";"Região Norte";"%";51,00;75,00;86,00;95,00;
2024;"5131";"1322";"0341";9668;"059P";"Região Sudeste";"%";48,00;73,00;83,00;93,00;
2024;"5131";"1322";"0341";9668;"059P";"Região Sul";"%";48,00;73,00;83,00;93,00;
2024;"5136";"1327";"0342";9661;"059Z";"Região Nordeste";"unidade";5.360,00;13.411,00;16.261,00;18.971,00;
2024;"5136";"1327";"0342";9661;"059Z";"Região Centro-Oeste";"unidade";3.055,00;7.428,00;8.985,00;10.483,00;
2024;"5136";"1327";"0342";9661;"059Z";"Região Sul";"unidade";605,00;1.832,00;1.730,00;2.018,00;
2024;"5136";"1327";"0342";9661;"059Z";"Região Norte";"unidade";10.102,00;25.163,00;30.440,00;35.513,00;
2024;"5136";"1327";"0342";9661;"059Z";"Região Sudeste";"unidade";878,00;2.136,00;2.584,00;3.015,00;
2024;"5136";"1327";"0343";9687;"05A7";"Região Norte";"unidade";10.350,00;10.350,00;10.350,00;10.350,00;
2024;"5136";"1327";"0343";9687;"05A7";"Região Nordeste";"unidade";10.350,00;10.350,00;10.350,00;10.350,00;
2024;"5136";"1327";"0343";9687;"05A7";"Região Sudeste";"unidade";10.150,00;10.150,00;10.150,00;10.350,00;
2024;"5136";"1327";"0343";9687;"05A7";"Região Centro-Oeste";"unidade";10.050,00;10.050,00;10.050,00;10.350,00;
2024;"5136";"1327";"0343";9687;"05A7";"Região Sul";"unidade";10.100,00;10.100,00;10.100,00;10.100,00;
2024;"5136";"1327";"0344";10144;"05E7";"Região Centro-Oeste";"unidade";1.000,00;1.000,00;2.000,00;2.000,00;
2024;"5136";"1327";"0344";10144;"05E7";"Região Nordeste";"unidade";8.000,00;10.000,00;15.000,00;20.000,00;
2024;"5136";"1327";"0344";10144;"05E7";"Região Norte";"unidade";1.000,00;3.000,00;5.000,00;10.000,00;
2024;"5136";"1327";"0344";10144;"05E7";"Região Sudeste";"unidade";1.000,00;1.000,00;3.000,00;2.000,00;
2024;"5136";"1327";"0344";10144;"05E7";"Região Sul";"unidade";1.000,00;1.000,00;5.000,00;8.000,00;
2024;"5136";"1327";"0345";9769;"05E9";"Região Norte";"unidade";3.375,00;3.375,00;3.375,00;3.375,00;
2024;"5136";"1327";"0345";9769;"05E9";"Região Nordeste";"unidade";7.375,00;7.375,00;7.375,00;7.375,00;
2024;"5136";"1327";"0345";9769;"05E9";"Região Centro-Oeste";"unidade";1.625,00;1.625,00;1.625,00;1.625,00;
2024;"5136";"1327";"0345";9769;"05E9";"Região Sudeste";"unidade";1.875,00;1.875,00;1.875,00;1.875,00;
2024;"5136";"1327";"0345";9769;"05E9";"Região Sul";"unidade";2.000,00;2.000,00;2.000,00;2.000,00;
2024;"5136";"1327";"0346";10168;"05EK";"Região Norte";"unidade";7.250,00;11.850,00;11.850,00;11.850,00;
2024;"5136";"1327";"0346";10168;"05EK";"Região Nordeste";"unidade";4.850,00;6.150,00;6.150,00;6.150,00;
2024;"5136";"1327";"0346";10168;"05EK";"Região Sul";"unidade";950,00;1.034,00;1.034,00;1.034,00;
2024;"5136";"1327";"0346";10168;"05EK";"Região Sudeste";"unidade";350,00;483,00;483,00;483,00;
2024;"5136";"1327";"0346";10168;"05EK";"Região Centro-Oeste";"unidade";400,00;483,00;483,00;483,00;
2024;"5113";"1329";"0352";9693;"06GT";"Região Centro-Oeste";"%";46,30;47,70;49,10;50,60;
2024;"5113";"1329";"0352";9693;"06GT";"Região Nordeste";"%";30,40;31,50;32,70;33,90;
2024;"5113";"1329";"0352";9693;"06GT";"Região Norte";"%";35,70;37,10;38,50;40,10;
2024;"5113";"1329";"0352";9693;"06GT";"Região Sudeste";"%";42,80;43,70;44,60;45,60;
2024;"5113";"1329";"0352";9693;"06GT";"Região Sul";"%";47,40;47,90;48,40;49,00;
2024;"5113";"1329";"0354";9698;"06AT";"Região Nordeste";;2.389,00;2.414,00;2.464,00;2.489,00;
2024;"5113";"1329";"0354";9698;"06AT";"Região Centro-Oeste";;928,00;1.103,00;1.253,00;1.428,00;
2024;"5113";"1329";"0354";9698;"06AT";"Região Norte";;864,00;1.039,00;1.189,00;1.364,00;
2024;"5113";"1329";"0354";9698;"06AT";"Região Sudeste";;2.357,00;2.382,00;2.432,00;2.457,00;
2024;"5113";"1329";"0354";9698;"06AT";"Região Sul";;1.320,00;1.420,00;1.520,00;1.620,00;
2024;"5113";"1329";"0355";9699;"06BU";"Região Centro-Oeste";;201,00;204,00;207,00;210,00;
2024;"5113";"1329";"0355";9699;"06BU";"Região Nordeste";;571,00;579,00;588,00;597,00;
2024;"5113";"1329";"0355";9699;"06BU";"Região Sudeste";;290,00;294,00;298,00;303,00;
2024;"5113";"1329";"0355";9699;"06BU";"Região Sul";;248,00;252,00;256,00;259,00;
2024;"5113";"1329";"0355";9699;"06BU";"Região Norte";;68,00;90,00;105,00;115,00;
2024;"5113";"1329";"0357";9701;"06DH";"Região Centro-Oeste";;32,70;33,30;33,90;34,50;
2024;"5113";"1329";"0357";9701;"06DH";"Região Nordeste";;23,20;23,90;24,50;25,10;
2024;"5113";"1329";"0357";9701;"06DH";"Região Norte";;23,50;25,00;26,60;28,20;
2024;"5113";"1329";"0357";9701;"06DH";"Região Sudeste";;30,20;30,10;30,10;30,10;
2024;"5113";"1329";"0357";9701;"06DH";"Região Sul";;44,30;44,90;45,50;46,20;
2024;"5113";"1329";"0358";9703;"06DL";"Região Centro-Oeste";"%";10,80;11,50;12,20;12,90;
2024;"5113";"1329";"0358";9703;"06DL";"Região Nordeste";"%";7,70;8,20;8,80;9,40;
2024;"5113";"1329";"0358";9703;"06DL";"Região Norte";"%";5,70;6,30;7,10;8,00;
2024;"5113";"1329";"0358";9703;"06DL";"Região Sudeste";"%";14,80;15,10;15,40;15,80;
2024;"5113";"1329";"0358";9703;"06DL";"Região Sul";"%";18,90;20,10;21,30;22,70;
2024;"5113";"1329";"0359";10400;"06NG";"Região Centro-Oeste";;8,00;18,00;23,00;27,00;
2024;"5113";"1329";"0359";10400;"06NG";"Região Nordeste";;20,00;40,00;50,00;58,00;
2024;"5113";"1329";"0359";10400;"06NG";"Região Norte";;11,00;19,00;23,00;27,00;
2024;"5113";"1329";"0359";10400;"06NG";"Região Sudeste";;19,00;54,00;102,00;168,00;
2024;"5113";"1329";"0359";10400;"06NG";"Região Sul";;11,00;22,00;28,00;33,00;
2024;"5113";"1329";"0360";9706;"06O0";"Região Centro-Oeste";;4,00;4,00;4,00;7,00;
2024;"5113";"1329";"0360";9706;"06O0";"Região Nordeste";;10,00;10,00;10,00;17,00;
2024;"5113";"1329";"0360";9706;"06O0";"Região Norte";;6,00;6,00;6,00;9,00;
2024;"5113";"1329";"0360";9706;"06O0";"Região Sudeste";;7,00;7,00;7,00;11,00;
2024;"5113";"1329";"0360";9706;"06O0";"Região Sul";;3,00;3,00;3,00;6,00;
2024;"2323";"1330";"0365";9724;"05A8";"Região Centro-Oeste";"pessoas/ano";178.010,00;186.910,00;196.256,00;206.069,00;
2024;"2323";"1330";"0365";9724;"05A8";"Região Norte";"pessoas/ano";85.936,00;90.232,00;94.744,00;99.481,00;
2024;"2323";"1330";"0365";9724;"05A8";"Região Nordeste";"pessoas/ano";364.204,00;382.415,00;401.535,00;421.612,00;
2024;"2323";"1330";"0365";9724;"05A8";"Região Sudeste";"pessoas/ano";1.088.521,00;1.142.947,00;1.200.095,00;1.260.099,00;
2024;"2323";"1330";"0365";9724;"05A8";"Região Sul";"pessoas/ano";329.421,00;345.893,00;363.186,00;381.346,00;
2024;"2323";"1330";"0366";9741;"05AF";"Região Centro-Oeste";"unidade";3.713.528,00;3.784.942,00;3.856.356,00;3.927.770,00;
2024;"2323";"1330";"0366";9741;"05AF";"Região Sul";"unidade";9.106.864,00;9.281.996,00;9.457.128,00;9.632.260,00;
2024;"2323";"1330";"0366";9741;"05AF";"Região Nordeste";"unidade";14.475.604,00;14.753.981,00;15.032.358,00;15.310.735,00;
2024;"2323";"1330";"0366";9741;"05AF";"Região Norte";"unidade";3.783.433,00;3.856.191,00;3.928.950,00;4.001.708,00;
2024;"2323";"1330";"0366";9741;"05AF";"Região Sudeste";"unidade";20.920.571,00;21.322.890,00;21.725.208,00;22.127.527,00;
2024;"5121";"1316";"0386";10012;"05MI";"No Estado do Paraná";"%";0,32;1,66;2,27;3,70;
2024;"5121";"1316";"0386";10012;"05MI";"No Estado de Pernambuco";"%";0,32;1,66;2,27;3,70;
2024;"5121";"1316";"0386";10012;"05MI";"No Estado de Alagoas";"%";0,32;1,66;2,27;3,70;
2024;"5121";"1316";"0386";10012;"05MI";"No Estado de Santa Catarina";"%";0,32;1,66;2,27;3,70;
2024;"5121";"1316";"0386";10012;"05MI";"No Estado de Goiás";"%";0,32;1,66;2,27;3,70;
2024;"5121";"1316";"0386";10012;"05MI";"No Estado do Acre";"%";0,32;1,66;2,27;3,70;
2024;"5121";"1316";"0386";10012;"05MI";"No Estado da Bahia";"%";0,32;1,66;2,27;3,70;
2024;"5121";"1316";"0386";10012;"05MI";"No Estado de Minas Gerais";"%";0,32;1,66;2,27;3,70;
2024;"5121";"1316";"0386";10012;"05MI";"No Estado do Ceará";"%";0,32;1,66;2,27;3,70;
2024;"5121";"1316";"0386";10012;"05MI";"No Estado do Amazonas";"%";0,32;1,66;2,27;3,70;
2024;"5121";"1316";"0386";10012;"05MI";"No Estado do Espírito Santo";"%";0,32;1,66;2,27;3,70;
2024;"5121";"1316";"0386";10012;"05MI";"No Estado de Mato Grosso";"%";0,32;1,66;2,27;3,70;
2024;"5121";"1316";"0386";10012;"05MI";"No Estado do Maranhão";"%";0,32;1,66;2,27;3,70;
2024;"5121";"1316";"0386";10012;"05MI";"No Estado de Sergipe";"%";0,32;1,66;2,27;3,70;
2024;"5121";"1316";"0386";10012;"05MI";"No Estado do Piauí";"%";0,32;1,66;2,27;3,70;
2024;"5121";"1316";"0386";10012;"05MI";"No Estado de São Paulo";"%";0,32;1,66;2,27;3,70;
2024;"5121";"1316";"0386";10012;"05MI";"No Estado de Roraima";"%";0,32;1,66;2,27;3,70;
2024;"5121";"1316";"0386";10012;"05MI";"No Distrito Federal";"%";0,32;1,66;2,27;3,70;
2024;"5121";"1316";"0386";10012;"05MI";"No Estado do Rio Grande do Sul";"%";0,32;1,66;2,27;3,70;
2024;"5121";"1316";"0386";10012;"05MI";"No Estado de Rondônia";"%";0,32;1,66;2,27;3,70;
2024;"5121";"1316";"0386";10012;"05MI";"No Estado de Mato Grosso do Sul";"%";0,32;1,66;2,27;3,70;
2024;"5121";"1316";"0386";10012;"05MI";"No Estado do Tocantins";"%";0,32;1,66;2,27;3,70;
2024;"5121";"1316";"0386";10012;"05MI";"No Estado da Paraíba";"%";0,32;1,66;2,27;3,70;
2024;"5121";"1316";"0386";10012;"05MI";"No Estado do Pará";"%";0,32;1,66;2,27;3,70;
2024;"5121";"1316";"0386";10012;"05MI";"No Estado do Rio de Janeiro";"%";0,32;1,66;2,27;3,70;
2024;"5121";"1316";"0386";10012;"05MI";"No Estado do Rio Grande do Norte";"%";0,32;1,66;2,27;3,70;
2024;"5121";"1316";"0386";10012;"05MI";"No Estado do Amapá";"%";0,32;1,66;2,27;3,70;
2024;"5602";"1259";"0398";10124;"05DQ";"Região Centro-Oeste";"%";0,00;0,14;0,28;0,14;
2024;"5602";"1259";"0398";10124;"05DQ";"Região Nordeste";"%";0,28;0,55;0,97;0,83;
2024;"5602";"1259";"0398";10124;"05DQ";"Região Norte";"%";0,14;0,28;0,55;0,47;
2024;"5602";"1259";"0398";10124;"05DQ";"Região Sudeste";"%";0,41;0,83;1,52;1,11;
2024;"5602";"1259";"0398";10124;"05DQ";"Região Sul";"%";0,14;0,41;0,69;0,55;
2024;"5602";"1259";"0400";10130;"05DT";"Região Nordeste";"%";2,00;2,00;2,00;2,00;
2024;"5602";"1259";"0400";10130;"05DT";"Região Norte";"%";1,00;1,00;1,00;1,00;
2024;"5602";"1259";"0400";10130;"05DT";"Região Sudeste";"%";3,00;3,00;3,00;3,00;
2024;"5602";"1259";"0400";10130;"05DT";"Região Centro-Oeste";"%";0,00;0,00;0,00;0,00;
2024;"5602";"1259";"0400";10130;"05DT";"Região Sul";"%";1,00;1,00;1,00;1,00;
2024;"5602";"1259";"0399";10126;"05DR";"Região Centro-Oeste";"unidade habitacional";1.964.287,00;1.968.948,00;1.973.610,00;1.978.272,00;
2024;"5602";"1259";"0399";10126;"05DR";"Região Nordeste";"unidade habitacional";8.925.936,00;8.995.632,00;9.065.328,00;9.135.024,00;
2024;"5602";"1259";"0399";10126;"05DR";"Região Norte";"unidade habitacional";3.609.028,00;3.720.644,00;3.832.261,00;3.943.877,00;
2024;"5602";"1259";"0399";10126;"05DR";"Região Sudeste";"unidade habitacional";7.882.530,00;8.107.998,00;8.333.465,00;8.558.932,00;
2024;"5602";"1259";"0399";10126;"05DR";"Região Sul";"unidade habitacional";4.572.722,00;4.704.103,00;4.835.483,00;4.966.863,00;
2024;"5601";"1258";"0405";11038;"05ND";"Região Nordeste";;24.000,00;40.000,00;65.000,00;32.000,00;
2024;"5601";"1258";"0405";11038;"05ND";"Região Norte";;14.000,00;23.000,00;38.000,00;19.000,00;
2024;"5601";"1258";"0405";11038;"05ND";"Região Sudeste";;38.000,00;64.000,00;103.000,00;51.000,00;
2024;"5601";"1258";"0405";11038;"05ND";"Região Sul";;12.000,00;20.000,00;32.000,00;16.000,00;
2024;"5601";"1258";"0405";11038;"05ND";"Região Centro-Oeste";;12.000,00;20.000,00;32.000,00;16.000,00;
2024;"5601";"1258";"0407";11119;"05OS";"Região Centro-Oeste";"unidade";3,00;3,00;3,00;4,00;
2024;"5601";"1258";"0407";11119;"05OS";"Região Nordeste";"unidade";6,00;6,00;6,00;7,00;
2024;"5601";"1258";"0407";11119;"05OS";"Região Norte";"unidade";2,00;5,00;5,00;6,00;
2024;"5601";"1258";"0407";11119;"05OS";"Região Sudeste";"unidade";5,00;6,00;6,00;7,00;
2024;"5601";"1258";"0407";11119;"05OS";"Região Sul";"unidade";4,00;5,00;5,00;6,00;
2024;"5126";"1337";"0410";10210;"06NE";"Região Sudeste";"pessoas/ano";166.163,00;17.447,00;183.194,00;20.197,00;
2024;"5126";"1337";"0410";10210;"06NE";"Região Nordeste";"pessoas/ano";110.775,00;116.314,00;122.129,00;134.648,00;
2024;"5126";"1337";"0410";10210;"06NE";"Região Norte";"pessoas/ano";110.775,00;116.314,00;122.129,00;134.648,00;
2024;"5126";"1337";"0410";10210;"06NE";"Região Sul";"pessoas/ano";83.081,00;87.235,00;91.597,00;100.986,00;
2024;"5126";"1337";"0410";10210;"06NE";"Região Centro-Oeste";"pessoas/ano";83.081,00;87.235,00;91.597,00;100.986,00;
2024;"2322";"1256";"0409";10961;"05N0";"Região Sudeste";"%";93,60;94,10;94,60;95,10;
2024;"2322";"1256";"0409";10961;"05N0";"Região Sul";"%";86,80;87,80;88,80;89,80;
2024;"2322";"1256";"0409";10961;"05N0";"Região Nordeste";"%";73,60;75,30;77,00;78,70;
2024;"2322";"1256";"0409";10961;"05N0";"Região Norte";"%";54,40;57,90;61,40;64,90;
2024;"2322";"1256";"0409";10961;"05N0";"Região Centro-Oeste";"%";93,60;93,50;93,30;93,10;
2024;"2301";"1267";"0419";10323;"05Y1";"Região Sudeste";"unidade";175.000,00;175.000,00;350.000,00;350.000,00;
2024;"2301";"1267";"0419";10323;"05Y1";"Região Centro-Oeste";"unidade";75.000,00;75.000,00;150.000,00;150.000,00;
2024;"5126";"1337";"0431";10456;"06P9";"Região Nordeste";"pessoas/ano";12.000,00;12.000,00;12.000,00;12.000,00;
2024;"5126";"1337";"0431";10456;"06P9";"Região Centro-Oeste";"pessoas/ano";12.000,00;12.000,00;12.000,00;12.000,00;
2024;"5126";"1337";"0431";10456;"06P9";"Região Norte";"pessoas/ano";12.000,00;12.000,00;12.000,00;12.000,00;
2024;"5126";"1337";"0431";10456;"06P9";"Região Sudeste";"pessoas/ano";12.000,00;12.000,00;12.000,00;12.000,00;
2024;"5126";"1337";"0431";10456;"06P9";"Região Sul";"pessoas/ano";12.000,00;12.000,00;12.000,00;12.000,00;
2024;"5126";"1337";"0434";10495;"06QV";"Região Sudeste";;9.000,00;9.000,00;9.000,00;9.000,00;
2024;"5126";"1337";"0434";10495;"06QV";"Região Sul";;9.000,00;9.000,00;9.000,00;9.000,00;
2024;"5126";"1337";"0434";10495;"06QV";"Região Nordeste";;9.000,00;9.000,00;9.000,00;9.000,00;
2024;"5126";"1337";"0434";10495;"06QV";"Região Centro-Oeste";;9.000,00;9.000,00;9.000,00;9.000,00;
2024;"5126";"1337";"0434";10495;"06QV";"Região Norte";;9.000,00;9.000,00;9.000,00;9.000,00;
2024;"5111";"1281";"0435";10510;"06HP";"Região Centro-Oeste";;5,64;5,66;5,66;5,70;
2024;"5111";"1281";"0435";10510;"06HP";"Região Nordeste";;5,14;5,16;5,16;5,19;
2024;"5111";"1281";"0435";10510;"06HP";"Região Norte";;5,04;5,05;5,05;5,09;
2024;"5111";"1281";"0435";10510;"06HP";"Região Sudeste";;5,94;5,96;5,96;6,00;
2024;"5111";"1281";"0435";10510;"06HP";"Região Sul";;6,00;6,00;6,00;6,00;
2024;"5111";"1281";"0436";10525;"06HV";"Região Centro-Oeste";;5,10;5,10;5,10;5,30;
2024;"5111";"1281";"0436";10525;"06HV";"Região Nordeste";;4,70;4,70;4,70;4,90;
2024;"5111";"1281";"0436";10525;"06HV";"Região Norte";;4,70;4,70;4,70;4,90;
2024;"5111";"1281";"0436";10525;"06HV";"Região Sudeste";;5,30;5,40;5,40;5,50;
2024;"5111";"1281";"0436";10525;"06HV";"Região Sul";;5,30;5,40;5,40;5,50;
2024;"5111";"1281";"0438";10531;"06I0";"Região Centro-Oeste";;3,90;4,00;4,00;4,00;
2024;"5111";"1281";"0438";10531;"06I0";"Região Nordeste";;3,70;3,80;3,80;3,90;
2024;"5111";"1281";"0438";10531;"06I0";"Região Norte";;3,70;3,80;3,80;3,90;
2024;"5111";"1281";"0438";10531;"06I0";"Região Sudeste";;4,30;4,30;4,30;4,50;
2024;"5111";"1281";"0438";10531;"06I0";"Região Sul";;4,40;4,40;4,40;4,60;
2024;"5111";"1281";"0439";10540;"06I9";"Região Sul";"%";18,50;19,00;20,00;22,00;
2024;"5111";"1281";"0439";10540;"06I9";"Região Norte";"%";12,20;13,00;15,00;17,00;
2024;"5111";"1281";"0439";10540;"06I9";"Região Sudeste";"%";22,50;28,00;32,00;36,00;
2024;"5111";"1281";"0439";10540;"06I9";"Região Centro-Oeste";"%";16,50;17,00;19,00;21,00;
2024;"5111";"1281";"0439";10540;"06I9";"Região Nordeste";"%";24,10;40,00;48,00;57,00;
2024;"5111";"1281";"0443";10553;"06NI";"Região Sudeste";;571.022,00;628.124,00;690.936,00;760.030,00;
2024;"5111";"1281";"0443";10553;"06NI";"Região Norte";;167.378,00;184.116,00;202.527,00;222.780,00;
2024;"5111";"1281";"0443";10553;"06NI";"Região Nordeste";;533.430,00;586.774,00;645.451,00;709.996,00;
2024;"5111";"1281";"0443";10553;"06NI";"Região Sul";;261.747,00;287.921,00;316.714,00;348.385,00;
2024;"5111";"1281";"0443";10553;"06NI";"Região Centro-Oeste";;127.733,00;140.507,00;154.557,00;170.013,00;
2024;"5111";"1281";"0444";10566;"06OU";"Região Centro-Oeste";;22.193,00;23.058,00;23.924,00;24.790,00;
2024;"5111";"1281";"0444";10566;"06OU";"Região Sudeste";;10.064,00;10.456,00;10.849,00;11.241,00;
2024;"5111";"1281";"0444";10566;"06OU";"Região Norte";;7.542,00;7.836,00;8.131,00;8.425,00;
2024;"5111";"1281";"0444";10566;"06OU";"Região Nordeste";;18.630,00;19.356,00;20.083,00;20.810,00;
2024;"5111";"1281";"0444";10566;"06OU";"Região Sul";;5.666,00;5.887,00;6.108,00;6.329,00;
2024;"5111";"1281";"0448";10576;"06P4";"Região Centro-Oeste";;229.291,00;311.809,00;412.896,00;521.850,00;
2024;"5111";"1281";"0448";10576;"06P4";"Região Norte";;380.709,00;463.245,00;563.579,00;670.158,00;
2024;"5111";"1281";"0448";10576;"06P4";"Região Nordeste";;1.484.585,00;1.685.808,00;1.908.350,00;2.186.789,00;
2024;"5111";"1281";"0448";10576;"06P4";"Região Sudeste";;905.252,00;1.106.438,00;1.331.861,00;1.582.496,00;
2024;"5111";"1281";"0448";10576;"06P4";"Região Sul";;324.592,00;407.128,00;507.742,00;616.325,00;
2024;"5111";"1281";"0449";10585;"06PR";"Região Centro-Oeste";"unidade";191.202,00;191.393,00;191.584,00;191.775,00;
2024;"5111";"1281";"0449";10585;"06PR";"Região Nordeste";"unidade";2.782.821,00;2.838.477,00;2.895.246,00;2.953.150,00;
2024;"5111";"1281";"0449";10585;"06PR";"Região Norte";"unidade";1.101.266,00;1.117.784,00;1.134.550,00;1.151.568,00;
2024;"5111";"1281";"0449";10585;"06PR";"Região Sudeste";"unidade";595.905,00;601.864,00;607.882,00;613.960,00;
2024;"5111";"1281";"0449";10585;"06PR";"Região Sul";"unidade";359.232,00;359.241,00;361.037,00;362.842,00;
2024;"5111";"1281";"0450";10591;"06Q7";"Região Sudeste";"unidade";9.750,00;10.243,00;10.984,00;11.726,00;
2024;"5111";"1281";"0450";10591;"06Q7";"Região Nordeste";"unidade";59.471,00;59.164,00;57.857,00;56.650,00;
2024;"5111";"1281";"0450";10591;"06Q7";"Região Centro-Oeste";"unidade";40.135,00;37.532,00;35.824,00;33.289,00;
2024;"5111";"1281";"0450";10591;"06Q7";"Região Sul";"unidade";14.836,00;14.573,00;14.510,00;14.547,00;
2024;"5111";"1281";"0450";10591;"06Q7";"Região Norte";"unidade";170.527,00;161.423,00;179.287,00;188.674,00;
2024;"5111";"1281";"0452";10598;"06PV";"Região Norte";;35.880,00;38.272,00;39.468,00;41.860,00;
2024;"5111";"1281";"0452";10598;"06PV";"Região Nordeste";;207.110,00;220.918,00;227.821,00;241.629,00;
2024;"5111";"1281";"0452";10598;"06PV";"Região Sul";;8.296,00;8.849,00;9.125,00;9.678,00;
2024;"5111";"1281";"0452";10598;"06PV";"Região Sudeste";;31.236,00;33.318,00;34.360,00;36.442,00;
2024;"5111";"1281";"0452";10598;"06PV";"Região Centro-Oeste";;17.478,00;18.643,00;19.226,00;20.391,00;
2024;"5111";"1281";"0454";10606;"06IQ";"Região Centro-Oeste";"%";84,40;89,60;94,80;100,00;
2024;"5111";"1281";"0454";10606;"06IQ";"Região Nordeste";"%";66,40;77,60;88,80;100,00;
2024;"5111";"1281";"0454";10606;"06IQ";"Região Sudeste";"%";82,60;88,40;94,20;100,00;
2024;"5111";"1281";"0454";10606;"06IQ";"Região Norte";"%";55,60;70,40;85,20;100,00;
2024;"5111";"1281";"0454";10606;"06IQ";"Região Sul";"%";88,20;92,10;96,10;100,00;
2024;"5126";"1337";"0455";10609;"06MT";"Região Sul";;8,00;8,00;8,00;10,00;
2024;"5126";"1337";"0455";10609;"06MT";"Região Sudeste";;4,00;4,00;4,00;10,00;
2024;"5126";"1337";"0455";10609;"06MT";"Região Nordeste";;10,00;10,00;10,00;15,00;
2024;"5126";"1337";"0455";10609;"06MT";"Região Norte";;10,00;10,00;10,00;15,00;
2024;"5126";"1337";"0455";10609;"06MT";"Região Centro-Oeste";;8,00;8,00;8,00;10,00;
2024;"5111";"1281";"0456";10619;"06IY";"Região Centro-Oeste";"%";90,60;93,80;96,90;100,00;
2024;"5111";"1281";"0456";10619;"06IY";"Região Nordeste";"%";78,60;85,70;92,90;100,00;
2024;"5111";"1281";"0456";10619;"06IY";"Região Norte";"%";63,60;75,70;87,90;100,00;
2024;"5111";"1281";"0456";10619;"06IY";"Região Sudeste";"%";93,00;95,40;97,70;100,00;
2024;"5111";"1281";"0456";10619;"06IY";"Região Sul";"%";87,60;91,80;95,90;100,00;
2024;"5126";"1337";"0459";10650;"06QE";"Região Nordeste";"pessoas/ano";1.736,00;2.038,00;2.381,00;2.770,00;
2024;"5126";"1337";"0459";10650;"06QE";"Região Sul";"pessoas/ano";3.183,00;3.293,00;3.401,00;3.770,00;
2024;"5126";"1337";"0459";10650;"06QE";"Região Centro-Oeste";"pessoas/ano";1.157,00;1.411,00;1.701,00;2.031,00;
2024;"5126";"1337";"0459";10650;"06QE";"Região Norte";"pessoas/ano";437,00;627,00;850,00;1.108,00;
2024;"5126";"1337";"0459";10650;"06QE";"Região Sudeste";"pessoas/ano";7.959,00;8.310,00;8.674,00;8.788,00;
2024;"5111";"1281";"0460";10662;"06EJ";"Região Sudeste";;80.705,00;97.939,00;108.279,00;114.484,00;
2024;"5111";"1281";"0460";10662;"06EJ";"Região Norte";;46.971,00;55.651,00;60.858,00;63.983,00;
2024;"5111";"1281";"0460";10662;"06EJ";"Região Nordeste";;109.990,00;125.586,00;132.328,00;136.373,00;
2024;"5111";"1281";"0460";10662;"06EJ";"Região Centro-Oeste";;34.901,00;37.199,00;38.577,00;43.202,00;
2024;"5111";"1281";"0460";10662;"06EJ";"Região Sul";;50.371,00;53.042,00;60.509,00;64.990,00;
2024;"5111";"1281";"0461";10675;"06EN";"Região Centro-Oeste";;6.000,00;6.563,00;6.883,00;7.103,00;
2024;"5111";"1281";"0461";10675;"06EN";"Região Sudeste";;15.624,00;17.513,00;18.591,00;19.327,00;
2024;"5111";"1281";"0461";10675;"06EN";"Região Norte";;6.574,00;7.064,00;7.340,00;7.535,00;
2024;"5111";"1281";"0461";10675;"06EN";"Região Nordeste";;20.304,00;20.732,00;20.921,00;21.143,00;
2024;"5111";"1281";"0461";10675;"06EN";"Região Sul";;8.460,00;9.117,00;9.489,00;9.748,00;
2024;"5111";"1281";"0462";10683;"06JA";"Região Sudeste";"%";82,60;84,60;86,60;89,00;
2024;"5111";"1281";"0462";10683;"06JA";"Região Norte";"%";60,00;65,00;70,00;75,00;
2024;"5111";"1281";"0462";10683;"06JA";"Região Centro-Oeste";"%";85,80;90,80;95,80;98,00;
2024;"5111";"1281";"0462";10683;"06JA";"Região Nordeste";"%";74,50;76,50;78,50;80,50;
2024;"5111";"1281";"0462";10683;"06JA";"Região Sul";"%";84,30;87,30;90,30;93,00;
2024;"5111";"1281";"0463";10705;"06FG";"Região Centro-Oeste";"%";91,50;93,30;95,10;96,90;
2024;"5111";"1281";"0463";10705;"06FG";"Região Norte";"%";92,00;94,50;96,80;99,20;
2024;"5111";"1281";"0463";10705;"06FG";"Região Sudeste";"%";76,10;76,80;77,50;78,20;
2024;"5111";"1281";"0463";10705;"06FG";"Região Nordeste";"%";99,10;100,00;100,00;100,00;
2024;"5111";"1281";"0463";10705;"06FG";"Região Sul";"%";93,60;94,90;96,20;97,50;
2024;"5111";"1281";"0465";10713;"06FO";"Região Norte";"%";20,00;70,00;100,00;100,00;
2024;"5111";"1281";"0465";10713;"06FO";"Região Nordeste";"%";20,00;70,00;100,00;100,00;
2024;"5111";"1281";"0465";10713;"06FO";"Região Centro-Oeste";"%";20,00;70,00;100,00;100,00;
2024;"5111";"1281";"0465";10713;"06FO";"Região Sudeste";"%";20,00;70,00;100,00;100,00;
2024;"5111";"1281";"0465";10713;"06FO";"Região Sul";"%";20,00;70,00;100,00;100,00;
2024;"5121";"1316";"0474";10862;"05O7";"No Estado do Acre";"unidade";7,00;11,00;17,00;23,00;
2024;"5121";"1316";"0474";10862;"05O7";"No Estado do Amapá";"unidade";10,00;12,00;15,00;17,00;
2024;"5121";"1316";"0474";10862;"05O7";"No Estado do Amazonas";"unidade";49,00;54,00;60,00;63,00;
2024;"5121";"1316";"0474";10862;"05O7";"No Estado do Pará";"unidade";73,00;82,00;126,00;145,00;
2024;"5121";"1316";"0474";10862;"05O7";"No Estado de Rondônia";"unidade";30,00;36,00;42,00;53,00;
2024;"5121";"1316";"0474";10862;"05O7";"No Estado de Roraima";"unidade";16,00;16,00;16,00;16,00;
2024;"5121";"1316";"0474";10862;"05O7";"No Estado do Tocantins";"unidade";135,00;140,00;140,00;140,00;
2024;"5121";"1316";"0474";10862;"05O7";"No Estado de Alagoas";"unidade";75,00;82,00;96,00;103,00;
2024;"5121";"1316";"0474";10862;"05O7";"No Estado da Bahia";"unidade";258,00;281,00;358,00;418,00;
2024;"5121";"1316";"0474";10862;"05O7";"No Estado do Ceará";"unidade";95,00;102,00;134,00;185,00;
2024;"5121";"1316";"0474";10862;"05O7";"No Estado do Maranhão";"unidade";131,00;143,00;170,00;218,00;
2024;"5121";"1316";"0474";10862;"05O7";"No Estado da Paraíba";"unidade";208,00;220,00;224,00;224,00;
2024;"5121";"1316";"0474";10862;"05O7";"No Estado de Pernambuco";"unidade";162,00;174,00;183,00;185,00;
2024;"5121";"1316";"0474";10862;"05O7";"No Estado do Piauí";"unidade";145,00;156,00;186,00;225,00;
2024;"5121";"1316";"0474";10862;"05O7";"No Estado do Rio Grande do Norte";"unidade";113,00;121,00;147,00;168,00;
2024;"5121";"1316";"0474";10862;"05O7";"No Estado de Sergipe";"unidade";56,00;62,00;70,00;76,00;
2024;"5121";"1316";"0474";10862;"05O7";"No Distrito Federal";"unidade";1,00;1,00;1,00;1,00;
2024;"5121";"1316";"0474";10862;"05O7";"No Estado de Goiás";"unidade";217,00;234,00;241,00;247,00;
2024;"5121";"1316";"0474";10862;"05O7";"No Estado de Mato Grosso";"unidade";116,00;127,00;138,00;142,00;
2024;"5121";"1316";"0474";10862;"05O7";"No Estado de Mato Grosso do Sul";"unidade";62,00;69,00;75,00;80,00;
2024;"5121";"1316";"0474";10862;"05O7";"No Estado do Espírito Santo";"unidade";79,00;79,00;79,00;79,00;
2024;"5121";"1316";"0474";10862;"05O7";"No Estado de Minas Gerais";"unidade";690,00;735,00;780,00;854,00;
2024;"5121";"1316";"0474";10862;"05O7";"No Estado do Rio de Janeiro";"unidade";78,00;83,00;89,00;93,00;
2024;"5121";"1316";"0474";10862;"05O7";"No Estado de São Paulo";"unidade";528,00;561,00;605,00;646,00;
2024;"5121";"1316";"0474";10862;"05O7";"No Estado do Paraná";"unidade";385,00;400,00;400,00;400,00;
2024;"5121";"1316";"0474";10862;"05O7";"No Estado do Rio Grande do Sul";"unidade";498,00;498,00;498,00;498,00;
2024;"5121";"1316";"0474";10862;"05O7";"No Estado de Santa Catarina";"unidade";259,00;277,00;286,00;296,00;
2024;"4006";"1338";"0476";11315;"05SS";"Região Centro-Oeste";"unidade";89,00;179,00;268,00;357,00;
2024;"4006";"1338";"0476";11315;"05SS";"Região Nordeste";"unidade";723,00;1.445,00;2.168,00;2.891,00;
2024;"4006";"1338";"0476";11315;"05SS";"Região Norte";"unidade";67,00;133,00;200,00;267,00;
2024;"4006";"1338";"0476";11315;"05SS";"Região Sudeste";"unidade";736,00;1.472,00;2.208,00;2.944,00;
2024;"4006";"1338";"0476";11315;"05SS";"Região Sul";"unidade";385,00;771,00;1.156,00;1.541,00;
2024;"4006";"1338";"0477";10990;"05MB";"Região Centro-Oeste";"unidade";200,00;400,00;600,00;800,00;
2024;"4006";"1338";"0477";10990;"05MB";"Região Nordeste";"unidade";800,00;1.600,00;2.400,00;3.200,00;
2024;"4006";"1338";"0477";10990;"05MB";"Região Norte";"unidade";300,00;600,00;900,00;1.200,00;
2024;"4006";"1338";"0477";10990;"05MB";"Região Sudeste";"unidade";400,00;800,00;1.200,00;1.600,00;
2024;"4006";"1338";"0477";10990;"05MB";"Região Sul";"unidade";300,00;600,00;900,00;1.200,00;
2024;"4006";"1338";"0478";11048;"05OI";"Região Centro-Oeste";"unidade";252,00;520,00;780,00;1.680,00;
2024;"4006";"1338";"0478";11048;"05OI";"Região Nordeste";"unidade";2.268,00;4.680,00;7.020,00;15.120,00;
2024;"4006";"1338";"0478";11048;"05OI";"Região Norte";"unidade";189,00;390,00;585,00;1.260,00;
2024;"4006";"1338";"0478";11048;"05OI";"Região Sudeste";"unidade";2.331,00;4.810,00;7.215,00;15.540,00;
2024;"4006";"1338";"0478";11048;"05OI";"Região Sul";"unidade";1.260,00;2.600,00;3.900,00;8.400,00;
2024;"5117";"1266";"0480";10883;"05TC";"Região Norte";"unidade";864.171,00;1.728.342,00;2.592.512,00;3.456.683,00;
2024;"5117";"1266";"0480";10883;"05TC";"Região Sul";"unidade";1.389.595,00;2.779.191,00;4.168.786,00;5.558.382,00;
2024;"5117";"1266";"0480";10883;"05TC";"Região Sudeste";"unidade";4.096.806,00;8.193.611,00;12.290.417,00;16.387.222,00;
2024;"5117";"1266";"0480";10883;"05TC";"Região Centro-Oeste";"unidade";763.634,00;1.527.267,00;2.290.901,00;3.054.535,00;
2024;"5117";"1266";"0480";10883;"05TC";"Região Nordeste";"unidade";2.635.794,00;5.271.589,00;7.907.383,00;10.543.178,00;
2024;"5117";"1266";"0481";10887;"05TM";"No Estado de Sergipe";"unidade";73,00;74,00;75,00;76,00;
2024;"5117";"1266";"0481";10887;"05TM";"No Estado do Pará";"unidade";139,00;143,00;144,00;145,00;
2024;"5117";"1266";"0481";10887;"05TM";"No Estado de Mato Grosso";"unidade";100,00;115,00;129,00;142,00;
2024;"5117";"1266";"0481";10887;"05TM";"No Estado de Santa Catarina";"unidade";162,00;201,00;245,00;296,00;
2024;"5117";"1266";"0481";10887;"05TM";"No Estado do Paraná";"unidade";245,00;294,00;349,00;400,00;
2024;"5117";"1266";"0481";10887;"05TM";"No Estado do Rio Grande do Sul";"unidade";280,00;350,00;427,00;498,00;
2024;"5117";"1266";"0481";10887;"05TM";"No Estado do Piauí";"unidade";220,00;223,00;225,00;225,00;
2024;"5117";"1266";"0481";10887;"05TM";"No Estado de São Paulo";"unidade";361,00;444,00;535,00;646,00;
2024;"5117";"1266";"0481";10887;"05TM";"No Estado de Alagoas";"unidade";101,00;102,00;103,00;103,00;
2024;"5117";"1266";"0481";10887;"05TM";"No Estado de Rondônia";"unidade";49,00;51,00;53,00;53,00;
2024;"5117";"1266";"0481";10887;"05TM";"No Estado do Rio de Janeiro";"unidade";54,00;66,00;80,00;93,00;
2024;"5117";"1266";"0481";10887;"05TM";"No Estado do Amazonas";"unidade";62,00;62,00;63,00;63,00;
2024;"5117";"1266";"0481";10887;"05TM";"No Estado de Roraima";"unidade";14,00;14,00;16,00;16,00;
2024;"5117";"1266";"0481";10887;"05TM";"No Estado do Acre";"unidade";23,00;23,00;23,00;23,00;
2024;"5117";"1266";"0481";10887;"05TM";"No Estado de Goiás";"unidade";158,00;188,00;219,00;247,00;
2024;"5117";"1266";"0481";10887;"05TM";"No Estado do Ceará";"unidade";180,00;182,00;184,00;185,00;
2024;"5117";"1266";"0481";10887;"05TM";"No Estado de Mato Grosso do Sul";"unidade";57,00;66,00;73,00;80,00;
2024;"5117";"1266";"0481";10887;"05TM";"No Estado do Espírito Santo";"unidade";53,00;61,00;69,00;79,00;
2024;"5117";"1266";"0481";10887;"05TM";"No Estado da Paraíba";"unidade";218,00;222,00;223,00;224,00;
2024;"5117";"1266";"0481";10887;"05TM";"No Estado do Amapá";"unidade";15,00;16,00;17,00;17,00;
2024;"5117";"1266";"0481";10887;"05TM";"No Estado do Maranhão";"unidade";209,00;215,00;217,00;218,00;
2024;"5117";"1266";"0481";10887;"05TM";"No Estado de Minas Gerais";"unidade";644,00;722,00;789,00;854,00;
2024;"5117";"1266";"0481";10887;"05TM";"No Estado de Pernambuco";"unidade";178,00;182,00;185,00;186,00;
2024;"5117";"1266";"0481";10887;"05TM";"No Estado do Tocantins";"unidade";130,00;134,00;137,00;140,00;
2024;"5117";"1266";"0481";10887;"05TM";"No Estado da Bahia";"unidade";405,00;413,00;416,00;418,00;
2024;"5117";"1266";"0481";10887;"05TM";"No Distrito Federal";"unidade";0,00;0,00;0,00;1,00;
2024;"5123";"1280";"0484";10900;"05L6";"Região Norte";"unidade";1,00;2,00;3,00;4,00;
2024;"5123";"1280";"0484";10900;"05L6";"Região Nordeste";"unidade";1,00;2,00;3,00;4,00;
2024;"5123";"1280";"0484";10900;"05L6";"Região Centro-Oeste";"unidade";1,00;2,00;3,00;4,00;
2024;"5123";"1280";"0484";10900;"05L6";"Região Sudeste";"unidade";1,00;2,00;3,00;4,00;
2024;"5123";"1280";"0484";10900;"05L6";"Região Sul";"unidade";1,00;2,00;3,00;4,00;
2024;"5123";"1280";"0487";10903;"064P";"Região Norte";"%";40,00;60,00;80,00;100,00;
2024;"5123";"1280";"0487";10903;"064P";"Região Nordeste";"%";40,00;60,00;80,00;100,00;
2024;"5123";"1280";"0487";10903;"064P";"Região Centro-Oeste";"%";40,00;60,00;80,00;100,00;
2024;"5123";"1280";"0487";10903;"064P";"Região Sudeste";"%";40,00;60,00;80,00;100,00;
2024;"5123";"1280";"0487";10903;"064P";"Região Sul";"%";40,00;60,00;80,00;100,00;
2024;"5123";"1280";"0485";10901;"05L7";"Região Norte";"%";35,00;40,00;45,00;50,00;
2024;"5123";"1280";"0485";10901;"05L7";"Região Nordeste";"%";35,00;40,00;45,00;50,00;
2024;"5123";"1280";"0485";10901;"05L7";"Região Centro-Oeste";"%";35,00;40,00;45,00;50,00;
2024;"5123";"1280";"0485";10901;"05L7";"Região Sudeste";"%";35,00;40,00;45,00;50,00;
2024;"5123";"1280";"0485";10901;"05L7";"Região Sul";"%";35,00;40,00;45,00;50,00;
2024;"5120";"1339";"0493";10947;"05RW";"No Estado de Roraima";"unidade";0,00;0,00;0,00;1,00;
2024;"5120";"1339";"0493";10947;"05RW";"No Distrito Federal";"unidade";1,00;0,00;0,00;1,00;
2024;"5120";"1339";"0493";10947;"05RW";"No Estado de Mato Grosso do Sul";"unidade";0,00;0,00;1,00;1,00;
2024;"5120";"1339";"0493";10947;"05RW";"No Estado do Rio de Janeiro";"unidade";0,00;0,00;1,00;1,00;
2024;"5120";"1339";"0493";10947;"05RW";"No Estado do Rio Grande do Sul";"unidade";0,00;1,00;0,00;1,00;
2024;"5120";"1339";"0493";10947;"05RW";"No Estado do Amazonas";"unidade";0,00;0,00;1,00;1,00;
2024;"5120";"1339";"0493";10947;"05RW";"No Estado da Bahia";"unidade";0,00;1,00;0,00;1,00;
2024;"5120";"1339";"0493";10947;"05RW";"No Estado de Pernambuco";"unidade";1,00;0,00;0,00;1,00;
2024;"5120";"1339";"0493";10947;"05RW";"No Estado do Ceará";"unidade";0,00;0,00;0,00;1,00;
2024;"5120";"1339";"0493";10947;"05RW";"No Estado de Minas Gerais";"unidade";0,00;1,00;0,00;1,00;
2024;"5120";"1339";"0496";11250;"05SB";"No Estado do Amazonas";"unidade";50,00;50,00;50,00;50,00;
2024;"5120";"1339";"0496";11250;"05SB";"No Estado do Paraná";"unidade";100,00;100,00;100,00;100,00;
2024;"5120";"1339";"0496";11250;"05SB";"No Estado da Bahia";"unidade";150,00;150,00;150,00;150,00;
2024;"5120";"1339";"0496";11250;"05SB";"No Estado de Pernambuco";"unidade";100,00;100,00;100,00;100,00;
2024;"5120";"1339";"0496";11250;"05SB";"No Estado de Minas Gerais";"unidade";300,00;300,00;300,00;300,00;
2024;"5120";"1339";"0496";11250;"05SB";"No Estado do Rio de Janeiro";"unidade";1.500,00;1.500,00;1.500,00;1.500,00;
2024;"2322";"1256";"0499";10984;"05MO";"Região Sul";"%";96,48;96,57;96,66;96,75;
2024;"2322";"1256";"0499";10984;"05MO";"Região Norte";"%";95,57;95,86;96,15;96,45;
2024;"2322";"1256";"0499";10984;"05MO";"Região Nordeste";"%";97,50;97,64;97,77;97,90;
2024;"2322";"1256";"0499";10984;"05MO";"Região Centro-Oeste";"%";97,07;97,25;97,43;97,62;
2024;"2322";"1256";"0499";10984;"05MO";"Região Sudeste";"%";95,88;96,04;96,20;96,35;
2024;"2322";"1256";"0501";10999;"05N6";"Região Centro-Oeste";"%";48,50;52,00;55,50;59,00;
2024;"2322";"1256";"0501";10999;"05N6";"Região Nordeste";"%";47,60;51,20;54,80;58,40;
2024;"2322";"1256";"0501";10999;"05N6";"Região Norte";"%";48,50;52,00;55,50;59,00;
2024;"2322";"1256";"0501";10999;"05N6";"Região Sudeste";"%";61,30;65,60;69,90;74,20;
2024;"2322";"1256";"0501";10999;"05N6";"Região Sul";"%";73,90;76,80;79,70;82,60;
2024;"2322";"1256";"0500";10997;"05N3";"Região Centro-Oeste";"%";62,00;65,33;68,66;72,00;
2024;"2322";"1256";"0500";10997;"05N3";"Região Nordeste";"%";60,00;63,33;66,66;70,00;
2024;"2322";"1256";"0500";10997;"05N3";"Região Norte";"%";60,00;63,33;66,66;70,00;
2024;"2322";"1256";"0500";10997;"05N3";"Região Sudeste";"%";87,80;89,16;90,51;91,87;
2024;"2322";"1256";"0500";10997;"05N3";"Região Sul";"%";97,92;98,15;98,38;98,61;
2024;"5118";"1331";"0503";11070;"05YK";"Região Norte";"unidade habitacional";340,00;396,00;452,00;509,00;
2024;"5118";"1331";"0503";11070;"05YK";"Região Nordeste";"unidade";1.600,00;1.713,00;1.823,00;1.933,00;
2024;"5118";"1331";"0503";11070;"05YK";"Região Centro-Oeste";"unidade";327,00;377,00;427,00;475,00;
2024;"5118";"1331";"0503";11070;"05YK";"Região Sudeste";"unidade";2.682,00;2.874,00;3.066,00;3.268,00;
2024;"5118";"1331";"0503";11070;"05YK";"Região Sul";"unidade";1.439,00;1.516,00;1.593,00;1.667,00;
2024;"5125";"1312";"0508";11125;"06VO";"Região Norte";"unidade";258,00;258,00;258,00;258,00;
2024;"5125";"1312";"0508";11125;"06VO";"Região Nordeste";"unidade";818,00;818,00;818,00;818,00;
2024;"5125";"1312";"0508";11125;"06VO";"Região Centro-Oeste";"unidade";246,00;246,00;246,00;246,00;
2024;"5125";"1312";"0508";11125;"06VO";"Região Sudeste";"unidade";1.271,00;1.271,00;1.271,00;1.271,00;
2024;"5125";"1312";"0508";11125;"06VO";"Região Sul";"unidade";447,00;447,00;447,00;447,00;
2024;"5125";"1312";"0511";11433;"06VP";"Região Norte";"unidade";51.000,00;51.000,00;51.000,00;51.000,00;
2024;"5125";"1312";"0511";11433;"06VP";"Região Nordeste";"unidade";161.400,00;161.400,00;161.400,00;161.400,00;
2024;"5125";"1312";"0511";11433;"06VP";"Região Centro-Oeste";"unidade";48.600,00;48.600,00;48.600,00;48.600,00;
2024;"5125";"1312";"0511";11433;"06VP";"Região Sudeste";"unidade";250.800,00;250.800,00;250.800,00;250.800,00;
2024;"5125";"1312";"0511";11433;"06VP";"Região Sul";"unidade";88.200,00;88.200,00;88.200,00;88.200,00;
2024;"5125";"1312";"0512";11159;"06WG";"Região Norte";"unidade";585,00;585,00;585,00;585,00;
2024;"5125";"1312";"0512";11159;"06WG";"Região Nordeste";"unidade";1.851,00;1.851,00;1.851,00;1.851,00;
2024;"5125";"1312";"0512";11159;"06WG";"Região Centro-Oeste";"unidade";557,00;557,00;557,00;557,00;
2024;"5125";"1312";"0512";11159;"06WG";"Região Sudeste";"unidade";2.876,00;2.876,00;2.876,00;2.876,00;
2024;"5125";"1312";"0512";11159;"06WG";"Região Sul";"unidade";1.012,00;1.012,00;1.012,00;1.012,00;
2024;"2305";"1251";"0545";11672;"06WA";"Região Sudeste";"% de execução";30,07;73,36;100,00;100,00;
2024;"2305";"1251";"0545";11672;"06WA";"Região Nordeste";"% de execução";30,93;95,15;100,00;100,00;
2024;"2305";"1251";"0545";11672;"06WA";"Região Centro-Oeste";"% de execução";31,89;96,41;100,00;100,00;
2024;"2305";"1251";"0545";11672;"06WA";"Região Sul";"% de execução";51,38;100,00;100,00;100,00;
2024;"5125";"1312";"0521";11204;"06WH";"Região Nordeste";"unidade";129,00;129,00;129,00;129,00;
2024;"5125";"1312";"0521";11204;"06WH";"Região Centro-Oeste";"unidade";39,00;39,00;39,00;39,00;
2024;"5125";"1312";"0521";11204;"06WH";"Região Sudeste";"unidade";200,00;200,00;200,00;200,00;
2024;"5125";"1312";"0521";11204;"06WH";"Região Sul";"unidade";70,00;70,00;70,00;70,00;
2024;"5125";"1312";"0521";11204;"06WH";"Região Norte";"unidade";40,00;40,00;40,00;40,00;
2024;"1144";"1255";"0525";11354;"060S";"No Estado do Rio Grande do Sul";"%";5,75;5,28;4,82;4,35;
2024;"1144";"1255";"0525";11354;"060S";"No Estado de Rondônia";"%";5,75;5,28;4,82;4,35;
2024;"1144";"1255";"0525";11354;"060S";"No Estado de Roraima";"%";5,75;5,28;4,82;4,35;
2024;"1144";"1255";"0525";11354;"060S";"No Estado de Santa Catarina";"%";5,75;5,28;4,82;4,35;
2024;"1144";"1255";"0525";11354;"060S";"No Estado de São Paulo";"%";5,75;5,28;4,82;4,35;
2024;"1144";"1255";"0525";11354;"060S";"No Estado de Sergipe";"%";5,75;5,28;4,82;4,35;
2024;"1144";"1255";"0525";11354;"060S";"No Estado do Tocantins";"%";5,75;5,28;4,82;4,35;
2024;"1144";"1255";"0525";11354;"060S";"No Estado de Mato Grosso";"%";5,75;5,28;4,82;4,35;
2024;"1144";"1255";"0525";11354;"060S";"No Estado de Mato Grosso do Sul";"%";5,75;5,28;4,82;4,35;
2024;"1144";"1255";"0525";11354;"060S";"No Estado de Minas Gerais";"%";5,75;5,28;4,82;4,35;
2024;"1144";"1255";"0525";11354;"060S";"No Estado do Pará";"%";5,75;5,28;4,82;4,35;
2024;"1144";"1255";"0525";11354;"060S";"No Estado da Paraíba";"%";5,75;5,28;4,82;4,35;
2024;"1144";"1255";"0525";11354;"060S";"No Estado do Paraná";"%";5,75;5,28;4,82;4,35;
2024;"1144";"1255";"0525";11354;"060S";"No Estado de Pernambuco";"%";5,75;5,28;4,82;4,35;
2024;"1144";"1255";"0525";11354;"060S";"No Estado do Piauí";"%";5,75;5,28;4,82;4,35;
2024;"1144";"1255";"0525";11354;"060S";"No Estado do Rio de Janeiro";"%";5,75;5,28;4,82;4,35;
2024;"1144";"1255";"0525";11354;"060S";"No Estado do Rio Grande do Norte";"%";5,75;5,28;4,82;4,35;
2024;"1144";"1255";"0525";11354;"060S";"No Estado do Acre";"%";5,75;5,28;4,82;4,35;
2024;"1144";"1255";"0525";11354;"060S";"No Estado de Alagoas";"%";5,75;5,28;4,82;4,35;
2024;"1144";"1255";"0525";11354;"060S";"No Estado do Amapá";"%";5,75;5,28;4,82;4,35;
2024;"1144";"1255";"0525";11354;"060S";"No Estado do Amazonas";"%";5,75;5,28;4,82;4,35;
2024;"1144";"1255";"0525";11354;"060S";"No Estado da Bahia";"%";5,75;5,28;4,82;4,35;
2024;"1144";"1255";"0525";11354;"060S";"No Estado do Ceará";"%";5,75;5,28;4,82;4,35;
2024;"1144";"1255";"0525";11354;"060S";"No Distrito Federal";"%";5,75;5,28;4,82;4,35;
2024;"1144";"1255";"0525";11354;"060S";"No Estado do Espírito Santo";"%";5,75;5,28;4,82;4,35;
2024;"1144";"1255";"0525";11354;"060S";"No Estado de Goiás";"%";5,75;5,28;4,82;4,35;
2024;"1144";"1255";"0525";11354;"060S";"No Estado do Maranhão";"%";5,75;5,28;4,82;4,35;
2024;"1189";"1319";"0539";11497;"06E7";"Região Norte";"unidade";800,00;1.600,00;2.400,00;3.200,00;
2024;"1189";"1319";"0539";11497;"06E7";"Região Nordeste";"unidade";200,00;400,00;600,00;800,00;
2024;"1189";"1319";"0539";11497;"06E7";"Região Sudeste";"unidade";200,00;400,00;600,00;800,00;
2024;"1189";"1319";"0539";11497;"06E7";"Região Sul";"unidade";200,00;400,00;600,00;800,00;
2024;"1189";"1319";"0539";11497;"06E7";"Região Centro-Oeste";"unidade";600,00;1.200,00;1.800,00;2.400,00;
2024;"5113";"1329";"0351";10365;"06GV";"Região Centro-Oeste";;2,00;3,00;3,00;2,00;
2024;"5113";"1329";"0351";10365;"06GV";"Região Nordeste";;9,00;14,00;13,00;6,00;
2024;"5113";"1329";"0351";10365;"06GV";"Região Norte";;6,00;9,00;9,00;4,00;
2024;"5113";"1329";"0351";10365;"06GV";"Região Sudeste";;11,00;19,00;18,00;10,00;
2024;"5113";"1329";"0351";10365;"06GV";"Região Sul";;7,00;11,00;11,00;6,00;
2024;"1144";"1255";"0036";8932;"06AW";"Região Centro-Oeste";"unidade";3,00;4,00;4,00;4,00;
2024;"1144";"1255";"0036";8932;"06AW";"Região Nordeste";"unidade";3,00;5,00;7,00;9,00;
2024;"1144";"1255";"0036";8932;"06AW";"Região Norte";"unidade";3,00;4,00;7,00;7,00;
2024;"1144";"1255";"0036";8932;"06AW";"Região Sudeste";"unidade";3,00;4,00;4,00;4,00;
2024;"1144";"1255";"0036";8932;"06AW";"Região Sul";"unidade";3,00;3,00;3,00;3,00;
2024;"3105";"1297";"0075";8876;"064I";"Região Nordeste";"unidade";22,00;22,00;22,00;22,00;
2024;"3105";"1297";"0075";8876;"064I";"Região Norte";"unidade";57,00;59,00;64,00;64,00;
2024;"3105";"1297";"0107";8969;"064S";"Região Norte";"%";100,00;100,00;100,00;100,00;
2024;"3105";"1297";"0107";8969;"064S";"Região Nordeste";"%";100,00;100,00;100,00;100,00;
2024;"6113";"1276";"0091";11406;"065M";"Zona costeira e marinha";"%";60,00;65,00;75,00;75,00;
2024;"3105";"1297";"0111";8982;"0651";"Região Norte";"%";5,40;5,40;5,40;5,40;
2024;"3105";"1297";"0111";8982;"0651";"Região Nordeste";"%";2,90;2,90;2,90;2,90;
2024;"3105";"1297";"0111";8982;"0651";"Região Sudeste";"%";2,80;2,80;2,80;2,80;
2024;"3105";"1297";"0111";8982;"0651";"Região Sul";"%";2,80;2,80;2,80;2,80;
2024;"3105";"1297";"0111";8982;"0651";"Região Centro-Oeste";"%";6,20;6,20;6,20;6,20;
2024;"2318";"1263";"0013";9291;"061X";"Região Sul";"%";65,16;66,13;67,55;68,97;
2024;"2318";"1263";"0013";9291;"061X";"Região Sudeste";"%";48,92;49,64;50,83;52,02;
2024;"2318";"1263";"0013";9291;"061X";"Região Centro-Oeste";"%";23,13;23,81;24,29;25,25;
2024;"2318";"1263";"0013";9291;"061X";"Região Norte";"%";32,00;32,58;33,70;34,41;
2024;"2318";"1263";"0013";9291;"061X";"Região Nordeste";"%";25,59;25,98;26,62;27,23;
2024;"3106";"1278";"0146";9034;"06R6";"Região Norte";"km";50,00;90,00;150,00;220,00;
2024;"3106";"1278";"0146";9034;"06R6";"Região Nordeste";"km";90,00;200,00;320,00;440,00;
2024;"3106";"1278";"0146";9034;"06R6";"Região Centro-Oeste";"km";50,00;110,00;180,00;250,00;
2024;"3106";"1278";"0146";9034;"06R6";"Região Sul";"km";110,00;210,00;280,00;340,00;
2024;"3106";"1278";"0146";9034;"06R6";"Região Sudeste";"km";50,00;210,00;430,00;545,00;
2024;"3104";"1303";"0162";9744;"067T";"Região Norte";"unidade";5.800.000,00;5.900.000,00;6.000.000,00;6.300.000,00;
2024;"3104";"1303";"0162";9744;"067T";"Região Nordeste";"unidade";20.100.000,00;20.200.000,00;20.700.000,00;21.300.000,00;
2024;"3104";"1303";"0162";9744;"067T";"Região Centro-Oeste";"unidade";13.400.000,00;13.600.000,00;13.900.000,00;14.400.000,00;
2024;"3104";"1303";"0162";9744;"067T";"Região Sudeste";"unidade";65.600.000,00;67.200.000,00;69.000.000,00;71.200.000,00;
2024;"3104";"1303";"0162";9744;"067T";"Região Sul";"unidade";13.100.000,00;13.100.000,00;13.400.000,00;13.800.000,00;
2024;"5112";"1302";"0166";9154;"068S";"Região Nordeste";;1.134.256,00;1.410.686,00;1.587.116,00;1.763.544,00;
2024;"5112";"1302";"0166";9154;"068S";"Região Norte";;418.018,00;582.842,00;647.667,00;712.492,00;
2024;"5112";"1302";"0166";9154;"068S";"Região Centro-Oeste";;412.688,00;576.255,00;639.797,00;703.392,00;
2024;"5112";"1302";"0166";9154;"068S";"Região Sudeste";;2.101.875,00;2.522.320,00;2.842.763,00;3.163.207,00;
2024;"5112";"1302";"0166";9154;"068S";"Região Sul";;811.571,00;1.036.305,00;1.161.038,00;1.285.773,00;
2024;"3901";"1271";"0172";9175;"066O";"Região Nordeste";"km";295,00;615,00;966,00;1.206,00;
2024;"3901";"1271";"0172";9175;"066O";"Região Centro-Oeste";"km";95,00;219,00;313,00;363,00;
2024;"2319";"1257";"0251";9405;"056Y";"Região Centro-Oeste";"%";0,12;0,17;0,23;0,29;
2024;"2319";"1257";"0251";9405;"056Y";"Região Nordeste";"%";0,43;0,66;0,87;1,08;
2024;"2319";"1257";"0251";9405;"056Y";"Região Norte";"%";0,08;0,12;0,16;0,20;
2024;"2319";"1257";"0251";9405;"056Y";"Região Sudeste";"%";0,41;0,61;0,83;1,02;
2024;"2319";"1257";"0251";9405;"056Y";"Região Sul";"%";0,31;0,46;0,61;0,76;
2024;"6112";"1261";"0363";9718;"05AS";"Zona costeira e marinha";"%";66,00;73,00;77,00;77,00;
2024;"5121";"1316";"0367";9736;"05QZ";"No Estado do Acre";"unidade";42.000,00;92.000,00;162.000,00;252.000,00;
2024;"5121";"1316";"0367";9736;"05QZ";"No Estado do Amapá";"unidade";100,00;1.100,00;3.100,00;6.100,00;
2024;"5121";"1316";"0367";9736;"05QZ";"No Estado do Amazonas";"unidade";25.400,00;55.400,00;100.400,00;174.400,00;
2024;"5121";"1316";"0367";9736;"05QZ";"No Estado do Pará";"unidade";300,00;1.300,00;3.300,00;6.300,00;
2024;"5121";"1316";"0367";9736;"05QZ";"No Estado de Rondônia";"unidade";100,00;1.100,00;3.100,00;6.100,00;
2024;"5121";"1316";"0367";9736;"05QZ";"No Estado de Roraima";"unidade";12.000,00;28.000,00;55.000,00;79.000,00;
2024;"5121";"1316";"0367";9736;"05QZ";"No Estado do Tocantins";"unidade";100,00;1.100,00;3.100,00;6.100,00;
2024;"5121";"1316";"0367";9736;"05QZ";"No Estado de Alagoas";"unidade";100,00;1.100,00;5.000,00;8.000,00;
2024;"5121";"1316";"0367";9736;"05QZ";"No Estado da Bahia";"unidade";230.100,00;530.100,00;885.000,00;1.290.000,00;
2024;"5121";"1316";"0367";9736;"05QZ";"No Estado do Ceará";"unidade";90.000,00;203.000,00;350.000,00;535.000,00;
2024;"5121";"1316";"0367";9736;"05QZ";"No Estado do Maranhão";"unidade";100,00;1.100,00;3.000,00;6.000,00;
2024;"5121";"1316";"0367";9736;"05QZ";"No Estado da Paraíba";"unidade";100,00;1.100,00;3.000,00;6.000,00;
2024;"5121";"1316";"0367";9736;"05QZ";"No Estado de Pernambuco";"unidade";17.000,00;37.000,00;50.000,00;75.000,00;
2024;"5121";"1316";"0367";9736;"05QZ";"No Estado do Piauí";"unidade";12.000,00;24.000,00;44.000,00;64.000,00;
2024;"5121";"1316";"0367";9736;"05QZ";"No Estado do Rio Grande do Norte";"unidade";500,00;1.500,00;5.000,00;8.000,00;
2024;"5121";"1316";"0367";9736;"05QZ";"No Estado de Sergipe";"unidade";100,00;1.100,00;5.000,00;8.000,00;
2024;"5121";"1316";"0367";9736;"05QZ";"No Distrito Federal";"unidade";1.000,00;3.000,00;6.000,00;11.000,00;
2024;"5121";"1316";"0367";9736;"05QZ";"No Estado de Goiás";"unidade";148.000,00;328.000,00;558.000,00;838.000,00;
2024;"5121";"1316";"0367";9736;"05QZ";"No Estado de Mato Grosso";"unidade";98.000,00;223.000,00;388.000,00;583.000,00;
2024;"5121";"1316";"0367";9736;"05QZ";"No Estado de Mato Grosso do Sul";"unidade";33.000,00;76.000,00;128.000,00;198.000,00;
2024;"5121";"1316";"0367";9736;"05QZ";"No Estado do Espírito Santo";"unidade";1.000,00;2.000,00;4.000,00;7.000,00;
2024;"5121";"1316";"0367";9736;"05QZ";"No Estado de Minas Gerais";"unidade";737.000,00;1.584.000,00;2.478.000,00;3.469.000,00;
2024;"5121";"1316";"0367";9736;"05QZ";"No Estado do Rio de Janeiro";"unidade";1.000,00;2.000,00;4.000,00;7.000,00;
2024;"5121";"1316";"0367";9736;"05QZ";"No Estado de São Paulo";"unidade";1.000,00;2.000,00;4.000,00;7.000,00;
2024;"5121";"1316";"0367";9736;"05QZ";"No Estado do Paraná";"unidade";500,00;1.500,00;6.500,00;16.500,00;
2024;"5121";"1316";"0367";9736;"05QZ";"No Estado do Rio Grande do Sul";"unidade";500,00;1.500,00;6.500,00;16.500,00;
2024;"5121";"1316";"0367";9736;"05QZ";"No Estado de Santa Catarina";"unidade";449.000,00;997.000,00;1.637.000,00;2.317.000,00;
2024;"2303";"1277";"0038";9294;"0560";"Região Sudeste";"unidade";88,00;91,00;93,00;97,00;
2024;"2303";"1277";"0038";9294;"0560";"Região Centro-Oeste";"unidade";95,00;98,00;101,00;105,00;
2024;"2303";"1277";"0038";9294;"0560";"Região Nordeste";"unidade";100,00;103,00;106,00;110,00;
2024;"2303";"1277";"0038";9294;"0560";"Região Norte";"unidade";46,00;47,00;49,00;51,00;
2024;"2303";"1277";"0038";9294;"0560";"Região Sul";"unidade";127,00;131,00;135,00;140,00;
2024;"5126";"1337";"0404";10238;"06SN";"Região Norte";;55,00;99,00;143,00;187,00;
2024;"5126";"1337";"0404";10238;"06SN";"Região Centro-Oeste";;42,00;78,00;114,00;150,00;
2024;"5126";"1337";"0404";10238;"06SN";"Região Nordeste";;156,00;298,00;440,00;582,00;
2024;"5126";"1337";"0404";10238;"06SN";"Região Sudeste";;166,00;325,00;484,00;643,00;
2024;"5126";"1337";"0404";10238;"06SN";"Região Sul";;151,00;297,00;443,00;589,00;
2024;"5118";"1331";"0453";10623;"05Y5";"Região Norte";"unidade";206.571,00;239.447,00;282.331,00;339.639,00;
2024;"5118";"1331";"0453";10623;"05Y5";"Região Nordeste";"unidade";1.109.947,00;1.183.916,00;1.267.504,00;1.363.065,00;
2024;"5118";"1331";"0453";10623;"05Y5";"Região Centro-Oeste";"unidade";262.522,00;275.822,00;289.930,00;304.902,00;
2024;"5118";"1331";"0453";10623;"05Y5";"Região Sudeste";"unidade";1.963.123,00;2.003.780,00;2.046.580,00;2.091.648,00;
2024;"5118";"1331";"0453";10623;"05Y5";"Região Sul";"unidade";1.017.540,00;1.050.776,00;1.085.363,00;1.121.360,00;
2024;"5118";"1331";"0470";10777;"062V";"Exterior";"%";0,60;0,75;0,90;1,05;
2024;"5118";"1331";"0470";10777;"062V";"Região Norte";"%";0,60;0,75;0,90;1,05;
2024;"5118";"1331";"0470";10777;"062V";"Região Sudeste";"%";0,60;0,75;0,90;1,05;
2024;"5118";"1331";"0470";10777;"062V";"Região Centro-Oeste";"%";0,60;0,75;0,90;1,05;
2024;"5118";"1331";"0470";10777;"062V";"Região Nordeste";"%";0,60;0,75;0,90;1,05;
2024;"5123";"1280";"0472";10782;"05L4";"Região Norte";"unidade";1.376.490,00;2.064.735,00;3.097.102,00;4.645.653,00;
2024;"5123";"1280";"0472";10782;"05L4";"Região Sudeste";"unidade";3.221.520,00;4.832.280,00;7.248.420,00;10.872.630,00;
2024;"5123";"1280";"0472";10782;"05L4";"Região Nordeste";"unidade";4.102.195,00;6.153.292,00;9.229.938,00;13.844.907,00;
2024;"5123";"1280";"0472";10782;"05L4";"Região Centro-Oeste";"unidade";726.640,00;1.089.959,00;1.634.939,00;2.452.409,00;
2024;"5123";"1280";"0472";10782;"05L4";"Região Sul";"unidade";1.695.993,00;2.543.989,00;3.815.984,00;5.723.975,00;
2024;"2321";"1270";"0054";10611;"06A9";"Região Sudeste";"ha";10.030,00;50.060,00;130.090,00;210.120,00;
2024;"2321";"1270";"0054";10611;"06A9";"Região Centro-Oeste";"ha";5.530,00;26.060,00;76.590,00;127.120,00;
2024;"2321";"1270";"0054";10611;"06A9";"Região Norte";"ha";2.000,00;7.000,00;17.000,00;27.000,00;
2024;"2321";"1270";"0054";10611;"06A9";"Região Nordeste";"ha";28.261,00;90.448,00;202.635,00;302.675,00;
2024;"2305";"1251";"0544";11671;"06W7";"Região Sudeste";"% de execução";88,00;100,00;100,00;100,00;
2024;"2305";"1251";"0544";11671;"06W7";"Região Nordeste";"% de execução";80,00;100,00;100,00;100,00;
2024;"2305";"1251";"0544";11671;"06W7";"Região Centro-Oeste";"% de execução";80,00;100,00;100,00;100,00;
2024;"2305";"1251";"0544";11671;"06W7";"Região Sul";"% de execução";100,00;100,00;100,00;100,00;
